level,pwm,frame,t_sec,white_mean_lum
haut,200,0,0.039309024810791016,145.57989501953125
haut,200,1,0.07175850868225098,142.3297119140625
haut,200,2,0.10462808609008789,142.43006896972656
haut,200,3,0.13843417167663574,142.20022583007812
haut,200,4,0.17097973823547363,142.32107543945312
haut,200,5,0.20552444458007812,142.3919219970703
haut,200,6,0.23775839805603027,142.2134246826172
haut,200,7,0.27234554290771484,142.15528869628906
haut,200,8,0.30432605743408203,142.211181640625
haut,200,9,0.3384523391723633,142.17137145996094
haut,200,10,0.37064480781555176,142.04083251953125
haut,200,11,0.4047999382019043,142.4002685546875
haut,200,12,0.4375133514404297,141.72817993164062
haut,200,13,0.47127485275268555,142.2845916748047
haut,200,14,0.5042498111724854,142.53643798828125
haut,200,15,0.5379865169525146,142.1382293701172
haut,200,16,0.5705456733703613,142.08859252929688
haut,200,17,0.6043837070465088,142.22998046875
haut,200,18,0.637115478515625,142.2210693359375
haut,200,19,0.6711490154266357,142.25558471679688
haut,200,20,0.7037487030029297,142.47677612304688
haut,200,21,0.7379453182220459,142.2986297607422
haut,200,22,0.7708163261413574,142.35458374023438
haut,200,23,0.8047115802764893,142.330322265625
haut,200,24,0.837038516998291,142.17283630371094
haut,200,25,0.8713009357452393,142.004150390625
haut,200,26,0.9039196968078613,142.23414611816406
haut,200,27,0.9377696514129639,142.3035125732422
haut,200,28,0.9705307483673096,142.0575714111328
haut,200,29,1.0042333602905273,142.29312133789062
haut,200,30,1.0372202396392822,142.24395751953125
haut,200,31,1.0720643997192383,142.16586303710938
haut,200,32,1.1036691665649414,142.5842742919922
haut,200,33,1.1372787952423096,141.6017303466797
haut,200,34,1.1699881553649902,142.1951446533203
haut,200,35,1.2079288959503174,142.30296325683594
haut,200,36,1.2367751598358154,142.36070251464844
haut,200,37,1.270479679107666,142.02622985839844
haut,200,38,1.3031425476074219,142.41050720214844
haut,200,39,1.3374431133270264,142.32260131835938
haut,200,40,1.3698234558105469,142.2285919189453
haut,200,41,1.4038898944854736,142.17623901367188
haut,200,42,1.4364714622497559,142.4989776611328
haut,200,43,1.47044038772583,141.89358520507812
haut,200,44,1.5030052661895752,142.4259033203125
haut,200,45,1.5369534492492676,142.5956573486328
haut,200,46,1.5695445537567139,142.18862915039062
haut,200,47,1.603933334350586,142.45335388183594
haut,200,48,1.636653184890747,142.41358947753906
haut,200,49,1.6701598167419434,142.10858154296875
haut,200,50,1.7030763626098633,142.5024871826172
haut,200,51,1.7367448806762695,142.14352416992188
haut,200,52,1.76943039894104,142.1693572998047
haut,200,53,1.80328369140625,142.36376953125
haut,200,54,1.8359789848327637,142.19796752929688
haut,200,55,1.8703415393829346,142.06329345703125
haut,200,56,1.902897596359253,142.54833984375
haut,200,57,1.9366443157196045,142.5224151611328
haut,200,58,1.9691565036773682,142.2378387451172
haut,200,59,2.003326177597046,142.391845703125
haut,200,60,2.0362889766693115,142.615478515625
haut,200,61,2.070070505142212,142.21160888671875
haut,200,62,2.10284686088562,142.37013244628906
haut,200,63,2.136530876159668,141.61676025390625
haut,200,64,2.1693902015686035,142.32534790039062
haut,200,65,2.2033064365386963,142.3997039794922
haut,200,66,2.235888719558716,142.61233520507812
haut,200,67,2.2698299884796143,142.3170623779297
haut,200,68,2.3025143146514893,142.53102111816406
haut,200,69,2.336822986602783,142.5449981689453
haut,200,70,2.369096040725708,142.34327697753906
haut,200,71,2.4030113220214844,142.25572204589844
haut,200,72,2.4356026649475098,141.88319396972656
haut,200,73,2.4704477787017822,142.12962341308594
haut,200,74,2.502068519592285,142.42176818847656
haut,200,75,2.5362160205841064,142.453369140625
haut,200,76,2.5687813758850098,142.20379638671875
haut,200,77,2.6037604808807373,142.32928466796875
haut,200,78,2.6354479789733887,142.432373046875
haut,200,79,2.6691529750823975,142.3976593017578
haut,200,80,2.7021780014038086,142.60714721679688
haut,200,81,2.735957384109497,142.3123321533203
haut,200,82,2.7687325477600098,141.95501708984375
haut,200,83,2.8030803203582764,142.3726043701172
haut,200,84,2.835239887237549,142.5330810546875
haut,200,85,2.8693530559539795,142.45095825195312
haut,200,86,2.90179705619812,142.3029022216797
haut,200,87,2.93587327003479,142.4655303955078
haut,200,88,2.968813896179199,142.29713439941406
haut,200,89,3.002634048461914,142.4328155517578
haut,200,90,3.0353264808654785,142.4280242919922
haut,200,91,3.069091558456421,142.3882293701172
haut,200,92,3.101609468460083,142.46237182617188
haut,200,93,3.1354880332946777,141.54287719726562
haut,200,94,3.168302059173584,142.4990997314453
haut,200,95,3.202392101287842,142.53424072265625
haut,200,96,3.2348225116729736,142.5741729736328
haut,200,97,3.268834114074707,142.53546142578125
haut,200,98,3.301677703857422,142.6387481689453
haut,200,99,3.3354439735412598,142.54501342773438
haut,200,100,3.3680880069732666,142.43173217773438
haut,200,101,3.4020333290100098,142.33193969726562
haut,200,102,3.434669017791748,142.5003204345703
haut,200,103,3.4688048362731934,142.12913513183594
haut,200,104,3.501676559448242,142.46214294433594
haut,200,105,3.535195827484131,142.55775451660156
haut,200,106,3.5690228939056396,142.23147583007812
haut,200,107,3.602463960647583,142.3820037841797
haut,200,108,3.6345231533050537,142.57606506347656
haut,200,109,3.668438673019409,142.5404510498047
haut,200,110,3.7011916637420654,142.16110229492188
haut,200,111,3.7686595916748047,141.87599182128906
haut,200,112,3.8012025356292725,142.2454376220703
haut,200,113,3.834963321685791,142.18978881835938
haut,200,114,3.867727279663086,142.11582946777344
haut,200,115,3.901240825653076,142.30807495117188
haut,200,116,3.934368133544922,142.48666381835938
haut,200,117,3.968111038208008,142.38983154296875
haut,200,118,4.00076150894165,142.36123657226562
haut,200,119,4.034858226776123,142.67550659179688
haut,200,120,4.06786036491394,142.47860717773438
haut,200,121,4.101678371429443,142.28431701660156
haut,200,122,4.1341047286987305,142.71102905273438
haut,200,123,4.168134927749634,142.17115783691406
haut,200,124,4.200467109680176,142.337890625
haut,200,125,4.234663248062134,142.5042724609375
haut,200,126,4.267995834350586,142.41854858398438
haut,200,127,4.3012542724609375,142.33705139160156
haut,200,128,4.334086656570435,142.62503051757812
haut,200,129,4.367878675460815,142.54385375976562
haut,200,130,4.40070915222168,142.40838623046875
haut,200,131,4.434895038604736,142.57579040527344
haut,200,132,4.467308044433594,141.6638641357422
haut,200,133,4.5011656284332275,142.4153594970703
haut,200,134,4.533904075622559,142.58843994140625
haut,200,135,4.567383766174316,142.62161254882812
haut,200,136,4.602085828781128,142.2688751220703
haut,200,137,4.634497404098511,142.81643676757812
haut,200,138,4.666962146759033,142.63038635253906
haut,200,139,4.700788974761963,142.2696533203125
haut,200,140,4.733773469924927,142.48426818847656
haut,200,141,4.767446994781494,142.1803436279297
haut,200,142,4.800464391708374,142.4392547607422
haut,200,143,4.834518671035767,142.53123474121094
haut,200,144,4.866678476333618,142.25759887695312
haut,200,145,4.900451421737671,142.2272186279297
haut,200,146,4.93346095085144,142.60275268554688
haut,200,147,4.967452049255371,142.4604034423828
haut,200,148,4.99991774559021,142.4048614501953
haut,200,149,5.033693790435791,142.60708618164062
haut,200,150,5.0667078495025635,142.62310791015625
haut,200,151,5.100517988204956,142.62246704101562
haut,200,152,5.133457660675049,142.4647979736328
haut,200,153,5.1673667430877686,142.2747039794922
haut,200,154,5.199784517288208,142.2685546875
haut,200,155,5.233658790588379,142.6553192138672
haut,200,156,5.266786336898804,142.56060791015625
haut,200,157,5.300190687179565,142.4698944091797
haut,200,158,5.333738088607788,142.45982360839844
haut,200,159,5.367015600204468,142.60215759277344
haut,200,160,5.399930238723755,142.352294921875
haut,200,161,5.433184862136841,142.41079711914062
haut,200,162,5.4659905433654785,141.91436767578125
haut,200,163,5.499868631362915,142.4107208251953
haut,200,164,5.532635688781738,142.4622344970703
haut,200,165,5.566482305526733,142.4625244140625
haut,200,166,5.599361419677734,142.45260620117188
haut,200,167,5.633527040481567,142.57936096191406
haut,200,168,5.6656553745269775,142.5717010498047
haut,200,169,5.699933290481567,142.48423767089844
haut,200,170,5.7334699630737305,142.49708557128906
haut,200,171,5.7663562297821045,142.58404541015625
haut,200,172,5.798955678939819,142.2592010498047
haut,200,173,5.833160400390625,142.5337677001953
haut,200,174,5.865766286849976,142.48355102539062
haut,200,175,5.899430751800537,142.3155517578125
haut,200,176,5.932531833648682,142.61009216308594
haut,200,177,5.966249942779541,142.55917358398438
haut,200,178,6.000028610229492,142.48855590820312
haut,200,179,6.033177852630615,142.56976318359375
haut,200,180,6.065295934677124,142.6255340576172
haut,200,181,6.099484443664551,142.41758728027344
haut,200,182,6.13236665725708,142.56549072265625
haut,200,183,6.1658241748809814,142.62379455566406
haut,200,184,6.1988725662231445,142.20974731445312
haut,200,185,6.23323917388916,142.4507293701172
haut,200,186,6.265450477600098,142.49761962890625
haut,200,187,6.299456596374512,142.4500732421875
haut,200,188,6.333185434341431,142.53028869628906
haut,200,189,6.3658411502838135,142.4466094970703
haut,200,190,6.398850917816162,142.4479522705078
haut,200,191,6.432463884353638,142.5167694091797
haut,200,192,6.465094566345215,142.56690979003906
haut,200,193,6.498899459838867,142.54637145996094
haut,200,194,6.531638860702515,142.3657989501953
haut,200,195,6.565319061279297,142.6595001220703
haut,200,196,6.598097562789917,142.40049743652344
haut,200,197,6.632367372512817,142.47691345214844
haut,200,198,6.664962291717529,142.5047149658203
haut,200,199,6.699026346206665,142.44593811035156
haut,200,200,6.731405735015869,142.35556030273438
haut,200,201,6.765390157699585,142.6669158935547
haut,200,202,6.798273801803589,142.6094970703125
haut,200,203,6.8318727016448975,142.4498748779297
haut,200,204,6.864529609680176,142.6365966796875
haut,200,205,6.898596525192261,142.46473693847656
haut,200,206,6.931818962097168,142.36090087890625
haut,200,207,6.965207099914551,142.64193725585938
haut,200,208,6.997776508331299,142.50027465820312
haut,200,209,7.0316948890686035,142.3922882080078
haut,200,210,7.064335823059082,142.58798217773438
haut,200,211,7.09808874130249,142.56944274902344
haut,200,212,7.131307125091553,142.5567169189453
haut,200,213,7.198310613632202,142.2719268798828
haut,200,214,7.230924129486084,142.4353485107422
haut,200,215,7.264911651611328,142.7736053466797
haut,200,216,7.297421216964722,142.433349609375
haut,200,217,7.347026348114014,142.34515380859375
haut,200,218,7.398504018783569,142.51475524902344
haut,200,219,7.432674407958984,142.41390991210938
haut,200,220,7.464733839035034,142.36929321289062
haut,200,221,7.498621702194214,142.4947509765625
haut,200,222,7.531013011932373,142.16603088378906
haut,200,223,7.56499719619751,142.7093048095703
haut,200,224,7.597885608673096,142.32679748535156
haut,200,225,7.632407188415527,142.23898315429688
haut,200,226,7.663989782333374,142.61341857910156
haut,200,227,7.697858810424805,142.43478393554688
haut,200,228,7.730814695358276,142.1372833251953
haut,200,229,7.764456510543823,142.5524444580078
haut,200,230,7.797299385070801,142.6426239013672
haut,200,231,7.831237077713013,142.32513427734375
haut,200,232,7.863922119140625,142.71080017089844
haut,200,233,7.89753794670105,142.56016540527344
haut,200,234,7.9304704666137695,142.18272399902344
haut,200,235,7.964235782623291,142.5609130859375
haut,200,236,7.997021913528442,142.39999389648438
haut,200,237,8.030863046646118,142.39561462402344
haut,200,238,8.063461542129517,142.49185180664062
haut,200,239,8.097417831420898,142.74151611328125
haut,200,240,8.130163192749023,142.44644165039062
haut,200,241,8.164480209350586,142.39047241210938
haut,200,242,8.19679045677185,142.4819793701172
haut,200,243,8.230779886245728,142.31222534179688
haut,200,244,8.263306379318237,142.30775451660156
haut,200,245,8.297099113464355,142.41363525390625
haut,200,246,8.330307722091675,142.30931091308594
haut,200,247,8.364187240600586,142.32412719726562
haut,200,248,8.396806240081787,142.52871704101562
haut,200,249,8.430325508117676,142.41209411621094
haut,200,250,8.463062286376953,142.6466827392578
haut,200,251,8.497049570083618,142.5472412109375
haut,200,252,8.529643297195435,142.3149871826172
haut,200,253,8.563638925552368,142.4947509765625
haut,200,254,8.596385478973389,142.54417419433594
haut,200,255,8.630321502685547,142.4862060546875
haut,200,256,8.66295075416565,142.42922973632812
haut,200,257,8.697094678878784,142.5539093017578
haut,200,258,8.729367971420288,142.2503662109375
haut,200,259,8.763346195220947,142.59007263183594
haut,200,260,8.79613208770752,142.5751953125
haut,200,261,8.829947471618652,142.45143127441406
haut,200,262,8.862772464752197,142.5455780029297
haut,200,263,8.89689826965332,142.44741821289062
haut,200,264,8.929397583007812,142.14422607421875
haut,200,265,8.9637610912323,142.26571655273438
haut,200,266,8.99610161781311,142.5031280517578
haut,200,267,9.03030514717102,142.22935485839844
haut,200,268,9.062637329101562,142.43377685546875
haut,200,269,9.096451044082642,142.54222106933594
haut,200,270,9.129673480987549,142.2980194091797
haut,200,271,9.16297698020935,142.50064086914062
haut,200,272,9.195832967758179,142.75604248046875
haut,200,273,9.230340719223022,142.01022338867188
haut,200,274,9.262741327285767,142.37290954589844
haut,200,275,9.29651141166687,142.5125732421875
haut,200,276,9.329365968704224,142.4732208251953
haut,200,277,9.363346099853516,142.45089721679688
haut,200,278,9.395715713500977,142.51815795898438
haut,200,279,9.429383516311646,142.36590576171875
haut,200,280,9.462255239486694,142.40602111816406
haut,200,281,9.496338844299316,142.49563598632812
haut,200,282,9.52887749671936,142.35275268554688
haut,200,283,9.56263256072998,142.284423828125
haut,200,284,9.595408916473389,142.4852752685547
haut,200,285,9.629444360733032,142.07713317871094
haut,200,286,9.66202425956726,142.3688507080078
haut,200,287,9.696269035339355,142.37074279785156
haut,200,288,9.72864317893982,142.4523162841797
haut,200,289,9.76278042793274,142.4703826904297
haut,200,290,9.795160293579102,142.60263061523438
haut,200,291,9.82994556427002,142.56227111816406
haut,200,292,9.861905813217163,142.3470916748047
haut,200,293,9.89579153060913,142.67079162597656
haut,200,294,9.92812442779541,142.544677734375
haut,200,295,9.96244764328003,142.31629943847656
haut,200,296,9.995138883590698,142.30377197265625
haut,200,297,10.028791189193726,142.19775390625
haut,200,298,10.061755657196045,142.21792602539062
haut,200,299,10.095529079437256,142.35568237304688
haut,200,300,10.128419160842896,142.45294189453125
haut,200,301,10.162474155426025,142.54568481445312
haut,200,302,10.194908857345581,142.50779724121094
haut,200,303,10.228699922561646,142.49734497070312
haut,200,304,10.261447191238403,142.2906494140625
haut,200,305,10.295658111572266,142.7024383544922
haut,200,306,10.328129291534424,142.2873077392578
haut,200,307,10.362854242324829,142.36595153808594
haut,200,308,10.394909143447876,142.4229736328125
haut,200,309,10.428362846374512,142.4609375
haut,200,310,10.461759567260742,142.30621337890625
haut,200,311,10.495155572891235,142.53807067871094
haut,200,312,10.528111219406128,142.5550537109375
haut,200,313,10.561830282211304,142.15322875976562
haut,200,314,10.594343900680542,142.44558715820312
haut,200,315,10.628438949584961,142.41372680664062
haut,200,316,10.661123991012573,142.24569702148438
haut,200,317,10.69510269165039,142.51287841796875
haut,200,318,10.728354930877686,142.4364471435547
haut,200,319,10.761895656585693,142.14491271972656
haut,200,320,10.794792413711548,142.25547790527344
haut,200,321,10.82844853401184,142.43089294433594
haut,200,322,10.860822439193726,142.11399841308594
haut,200,323,10.894816160202026,142.39846801757812
haut,200,324,10.927754878997803,142.35943603515625
haut,200,325,10.961828470230103,142.17063903808594
haut,200,326,10.99394416809082,142.3520965576172
haut,200,327,11.02815294265747,142.30519104003906
haut,200,328,11.060773611068726,142.35159301757812
haut,200,329,11.128021001815796,142.39405822753906
haut,200,330,11.160651445388794,142.08554077148438
haut,200,331,11.194463968276978,142.3931884765625
haut,200,332,11.227094173431396,142.40478515625
haut,200,333,11.261038541793823,142.22650146484375
haut,200,334,11.293861150741577,142.5513916015625
haut,200,335,11.327837467193604,142.4478302001953
haut,200,336,11.36050295829773,142.27610778808594
haut,200,337,11.394264936447144,142.47230529785156
haut,200,338,11.427240133285522,142.49917602539062
haut,200,339,11.461130857467651,142.24684143066406
haut,200,340,11.493677377700806,142.4076385498047
haut,200,341,11.527775049209595,142.53663635253906
haut,200,342,11.560204267501831,142.27301025390625
haut,200,343,11.594169855117798,142.24786376953125
haut,200,344,11.627001285552979,142.49945068359375
haut,200,345,11.660985708236694,142.31210327148438
haut,200,346,11.69381046295166,142.39840698242188
haut,200,347,11.72725510597229,142.55152893066406
haut,200,348,11.760109663009644,142.35487365722656
haut,200,349,11.793803453445435,142.23936462402344
haut,200,350,11.82663893699646,142.34274291992188
haut,200,351,11.860386848449707,142.2519989013672
haut,200,352,11.893473863601685,142.15447998046875
haut,200,353,11.927545547485352,142.4434051513672
haut,200,354,11.959858417510986,142.25489807128906
haut,200,355,11.993776321411133,142.18540954589844
haut,200,356,12.026816129684448,142.4792022705078
haut,200,357,12.060468435287476,142.36180114746094
haut,200,358,12.093271493911743,142.5499267578125
haut,200,359,12.127054929733276,142.26402282714844
haut,200,360,12.159780740737915,142.40548706054688
haut,200,361,12.193652868270874,142.26361083984375
haut,200,362,12.226103067398071,142.43963623046875
haut,200,363,12.260300874710083,142.25209045410156
haut,200,364,12.292789459228516,142.14242553710938
haut,200,365,12.32702350616455,142.49095153808594
haut,200,366,12.359524250030518,142.17852783203125
haut,200,367,12.393470048904419,142.36898803710938
haut,200,368,12.426157236099243,142.23703002929688
haut,200,369,12.45979905128479,142.3682098388672
haut,200,370,12.499023675918579,142.38394165039062
haut,200,371,12.56013822555542,142.03099060058594
haut,200,372,12.592302560806274,142.2527618408203
haut,200,373,12.660110712051392,142.12319946289062
haut,200,374,12.692533731460571,142.16064453125
haut,200,375,12.726491928100586,142.3524627685547
haut,200,376,12.759295225143433,142.33078002929688
haut,200,377,12.793288230895996,142.2999725341797
haut,200,378,12.825707197189331,142.42274475097656
haut,200,379,12.859634399414062,142.10618591308594
haut,200,380,12.89245891571045,142.05433654785156
haut,200,381,12.926344156265259,142.29360961914062
haut,200,382,12.959081888198853,142.27310180664062
haut,200,383,12.992868185043335,142.15548706054688
haut,200,384,13.02565860748291,142.27252197265625
haut,200,385,13.059542655944824,142.19354248046875
haut,200,386,13.092028379440308,142.2021026611328
haut,200,387,13.126075029373169,142.28948974609375
haut,200,388,13.158932209014893,142.12973022460938
haut,200,389,13.192831039428711,142.18338012695312
haut,200,390,13.225301742553711,142.33432006835938
haut,200,391,13.259249925613403,142.28538513183594
haut,200,392,13.292115688323975,142.03488159179688
haut,200,393,13.325888872146606,142.38092041015625
haut,200,394,13.358860731124878,142.18792724609375
haut,200,395,13.392305612564087,142.0015411376953
haut,200,396,13.425545930862427,142.26744079589844
haut,200,397,13.459094285964966,142.369873046875
haut,200,398,13.492088079452515,142.13418579101562
haut,200,399,13.525808572769165,142.19847106933594
haut,200,400,13.558712720870972,142.07269287109375
haut,200,401,13.592251539230347,142.10574340820312
haut,200,402,13.625062227249146,142.37120056152344
haut,200,403,13.658753156661987,142.23472595214844
haut,200,404,13.691447496414185,142.05702209472656
haut,200,405,13.725353717803955,142.3625946044922
haut,200,406,13.758135318756104,142.0771942138672
haut,200,407,13.79238486289978,141.95089721679688
haut,200,408,13.827057123184204,142.21493530273438
haut,200,409,13.859044551849365,142.14215087890625
haut,200,410,13.891716003417969,142.0970001220703
haut,200,411,13.92545747756958,142.1820526123047
haut,200,412,13.957901954650879,142.22479248046875
haut,200,413,13.991973400115967,142.17723083496094
haut,200,414,14.024770736694336,142.30429077148438
haut,200,415,14.058390140533447,142.26861572265625
haut,200,416,14.091119766235352,142.0855712890625
haut,200,417,14.124988317489624,142.2743682861328
haut,200,418,14.157712459564209,142.06951904296875
haut,200,419,14.191728591918945,142.05618286132812
haut,200,420,14.224678993225098,142.18081665039062
haut,200,421,14.258175134658813,142.09622192382812
haut,200,422,14.291017055511475,142.02352905273438
haut,200,423,14.324845552444458,141.94973754882812
haut,200,424,14.358118295669556,142.27317810058594
haut,200,425,14.391273498535156,141.93174743652344
haut,200,426,14.424363851547241,142.30055236816406
haut,200,427,14.458097219467163,142.191162109375
haut,200,428,14.490829944610596,142.09454345703125
haut,200,429,14.524773120880127,142.14138793945312
haut,200,430,14.557490348815918,142.0243682861328
haut,200,431,14.591334104537964,142.06532287597656
haut,200,432,14.62390947341919,142.34194946289062
haut,200,433,14.658018827438354,142.11373901367188
haut,200,434,14.690542459487915,142.08251953125
haut,200,435,14.724491596221924,142.19203186035156
haut,200,436,14.75724744796753,142.1019744873047
haut,200,437,14.791174173355103,141.9311065673828
haut,200,438,14.823764085769653,142.16552734375
haut,200,439,14.857955932617188,142.219482421875
haut,200,440,14.890660762786865,142.037109375
haut,200,441,14.924241542816162,142.1271209716797
haut,200,442,14.957395315170288,142.24954223632812
haut,200,443,14.990798234939575,142.03407287597656
haut,200,444,15.023741245269775,142.15057373046875
haut,200,445,15.057458877563477,142.26832580566406
haut,200,446,15.091624021530151,141.95700073242188
haut,200,447,15.124155521392822,142.0753631591797
haut,200,448,15.15674614906311,142.3071746826172
haut,200,449,15.190956830978394,141.94488525390625
haut,200,450,15.223688840866089,141.93634033203125
haut,200,451,15.257272481918335,142.22520446777344
haut,200,452,15.290268898010254,142.1876678466797
haut,200,453,15.323894023895264,142.38800048828125
haut,200,454,15.356510162353516,142.17994689941406
haut,200,455,15.390541553497314,142.07778930664062
haut,200,456,15.42372441291809,141.9906463623047
haut,200,457,15.457232236862183,142.12721252441406
haut,200,458,15.489765405654907,142.0465545654297
haut,200,459,15.523906469345093,141.9242401123047
haut,200,460,15.556533098220825,142.19427490234375
haut,200,461,15.590429067611694,142.0240936279297
haut,200,462,15.623051166534424,142.12100219726562
haut,200,463,15.657161712646484,142.24644470214844
haut,200,464,15.689729452133179,142.12246704101562
haut,200,465,15.723663806915283,142.08985900878906
haut,200,466,15.75624680519104,142.08370971679688
haut,200,467,15.790135145187378,142.09219360351562
haut,200,468,15.82267689704895,142.0034942626953
haut,200,469,15.856838941574097,142.2029266357422
haut,200,470,15.889751195907593,142.0689239501953
haut,200,471,15.923481941223145,141.97789001464844
haut,200,472,15.956403493881226,142.11660766601562
haut,200,473,15.990318775177002,142.1820831298828
haut,200,474,16.022530555725098,141.9814453125
haut,200,475,16.056658267974854,142.31204223632812
haut,200,476,16.089833736419678,141.94277954101562
haut,200,477,16.123188972473145,141.8760223388672
haut,200,478,16.1557674407959,142.17404174804688
haut,200,479,16.190199375152588,142.0911102294922
haut,200,480,16.222846031188965,142.0414581298828
haut,200,481,16.256462812423706,142.24801635742188
haut,200,482,16.28920292854309,142.01393127441406
haut,200,483,16.323235988616943,141.9827117919922
haut,200,484,16.35590672492981,142.19464111328125
haut,200,485,16.389760971069336,141.98411560058594
haut,200,486,16.42223072052002,141.99038696289062
haut,200,487,16.456457376480103,142.18284606933594
haut,200,488,16.488917589187622,142.0451202392578
haut,200,489,16.52316927909851,142.0135040283203
haut,200,490,16.555790185928345,142.21385192871094
haut,200,491,16.589648485183716,142.19032287597656
haut,200,492,16.622533559799194,142.07449340820312
haut,200,493,16.656336545944214,142.16575622558594
haut,200,494,16.68878483772278,142.03004455566406
haut,200,495,16.722787141799927,141.9580841064453
haut,200,496,16.75583791732788,142.01576232910156
haut,200,497,16.789689779281616,142.3660888671875
haut,200,498,16.822021961212158,142.01773071289062
haut,200,499,16.923357248306274,141.890625
haut,200,500,16.955224990844727,142.29443359375
haut,200,501,16.989443063735962,142.12545776367188
haut,200,502,17.021815538406372,141.97573852539062
haut,200,503,17.05585217475891,142.0894775390625
haut,200,504,17.088430404663086,142.19149780273438
haut,200,505,17.122431755065918,141.95687866210938
haut,200,506,17.155102968215942,142.18319702148438
haut,200,507,17.18932056427002,142.11251831054688
haut,200,508,17.221672534942627,141.9323272705078
haut,200,509,17.25635075569153,142.33065795898438
haut,200,510,17.28868341445923,142.1700439453125
haut,200,511,17.32203483581543,142.14088439941406
haut,200,512,17.355029344558716,142.24729919433594
haut,200,513,17.38912010192871,142.17446899414062
haut,200,514,17.422314882278442,142.0426788330078
haut,200,515,17.455403089523315,142.1178436279297
haut,200,516,17.488247394561768,142.24729919433594
haut,200,517,17.522460222244263,141.8992919921875
haut,200,518,17.554753303527832,142.3647003173828
haut,200,519,17.588778018951416,142.23072814941406
haut,200,520,17.62154197692871,142.2903289794922
haut,200,521,17.65547490119934,142.2169189453125
haut,200,522,17.687857151031494,142.1595001220703
haut,200,523,17.721800804138184,142.0752410888672
haut,200,524,17.754663944244385,142.17196655273438
haut,200,525,17.78822612762451,142.12155151367188
haut,200,526,17.821665287017822,142.14512634277344
haut,200,527,17.855095386505127,142.18052673339844
haut,200,528,17.88829755783081,142.25140380859375
haut,200,529,17.921483755111694,141.99444580078125
haut,200,530,17.95454478263855,142.13458251953125
haut,200,531,17.9884934425354,142.26556396484375
haut,200,532,18.02135944366455,142.16209411621094
haut,200,533,18.05491280555725,142.0550079345703
haut,200,534,18.087377309799194,142.24913024902344
haut,200,535,18.12135648727417,142.1282501220703
haut,200,536,18.15469193458557,142.2158203125
haut,200,537,18.188018321990967,142.40447998046875
haut,200,538,18.22072434425354,142.211669921875
haut,200,539,18.254825115203857,142.21702575683594
haut,200,540,18.28754234313965,142.38494873046875
haut,200,541,18.32119631767273,142.25241088867188
haut,200,542,18.35410475730896,142.14035034179688
haut,200,543,18.388102054595947,142.3636016845703
haut,200,544,18.42088794708252,142.30352783203125
haut,200,545,18.45431089401245,142.16282653808594
haut,200,546,18.48707389831543,142.12832641601562
haut,200,547,18.521029472351074,142.12669372558594
haut,200,548,18.553808450698853,142.19264221191406
haut,200,549,18.587408542633057,142.31509399414062
haut,200,550,18.62048625946045,142.12619018554688
haut,200,551,18.654277801513672,142.10777282714844
haut,200,552,18.686896562576294,142.43479919433594
haut,200,553,18.720746994018555,142.15399169921875
haut,200,554,18.753365993499756,142.38755798339844
haut,200,555,18.787429332733154,142.32017517089844
haut,200,556,18.819962739944458,142.0820770263672
haut,200,557,18.85422396659851,142.13975524902344
haut,200,558,18.886945962905884,142.3725128173828
haut,200,559,18.920770168304443,142.17074584960938
haut,200,560,18.95324468612671,142.15383911132812
haut,200,561,18.987267017364502,142.45074462890625
haut,200,562,19.019790172576904,142.2915802001953
haut,200,563,19.05394959449768,142.16256713867188
haut,200,564,19.086352348327637,142.33139038085938
haut,200,565,19.120354413986206,142.2616729736328
haut,200,566,19.15300226211548,142.00743103027344
haut,200,567,19.187378644943237,142.32662963867188
haut,200,568,19.219672679901123,142.14581298828125
haut,200,569,19.25351357460022,142.05001831054688
haut,200,570,19.286179304122925,142.36834716796875
haut,200,571,19.320285320281982,142.26235961914062
haut,200,572,19.352753400802612,142.13304138183594
haut,200,573,19.38698124885559,142.0995330810547
haut,200,574,19.419522047042847,142.2709197998047
haut,200,575,19.45331907272339,142.03042602539062
haut,200,576,19.48626470565796,142.34837341308594
haut,200,577,19.520888566970825,142.1061248779297
haut,200,578,19.552947521209717,142.13941955566406
haut,200,579,19.587356090545654,142.30389404296875
haut,200,580,19.61973524093628,142.3332061767578
haut,200,581,19.654175519943237,142.21888732910156
haut,200,582,19.686168909072876,142.3726043701172
haut,200,583,19.72030544281006,142.26539611816406
haut,200,584,19.752769231796265,142.00125122070312
haut,200,585,19.78702974319458,142.5210418701172
haut,200,586,19.819344997406006,142.43202209472656
haut,200,587,19.852996826171875,142.0851287841797
haut,200,588,19.885870218276978,142.4362335205078
haut,200,589,19.919506788253784,142.3306121826172
haut,200,590,19.95242738723755,142.17494201660156
haut,200,591,19.986389875411987,142.31076049804688
haut,200,592,20.019043922424316,142.28260803222656
haut,200,593,20.052894353866577,142.26234436035156
haut,200,594,20.086050510406494,142.44091796875
haut,200,595,20.11947464942932,142.319580078125
haut,200,596,20.152369260787964,142.1886444091797
haut,200,597,20.186782598495483,142.278076171875
haut,200,598,20.219207763671875,142.32669067382812
haut,200,599,20.252776861190796,142.0551300048828
haut,200,600,20.285736083984375,142.36590576171875
haut,200,601,20.31918478012085,142.38107299804688
haut,200,602,20.3521671295166,142.3245391845703
haut,200,603,20.38674831390381,142.30880737304688
haut,200,604,20.418471336364746,142.47715759277344
haut,200,605,20.45217537879944,142.17137145996094
haut,200,606,20.485368490219116,142.20053100585938
haut,200,607,20.518855571746826,142.406005859375
haut,200,608,20.551533937454224,142.32762145996094
haut,200,609,20.585883617401123,142.41964721679688
haut,200,610,20.6182758808136,142.17323303222656
haut,200,611,20.652324199676514,142.12939453125
haut,200,612,20.685281991958618,142.4490966796875
haut,200,613,20.71904706954956,142.39028930664062
haut,200,614,20.751850605010986,142.21493530273438
haut,200,615,20.785460233688354,142.31785583496094
haut,200,616,20.818690061569214,142.4506378173828
haut,200,617,20.851980209350586,142.16761779785156
haut,200,618,20.884848594665527,142.3463134765625
haut,200,619,20.91895818710327,142.34104919433594
haut,200,620,20.951483249664307,142.1219024658203
haut,200,621,20.985154390335083,142.41299438476562
haut,200,622,21.01790428161621,142.32789611816406
haut,200,623,21.051968574523926,142.21530151367188
haut,200,624,21.084508180618286,142.1885223388672
haut,200,625,21.118497371673584,142.33041381835938
haut,200,626,21.151191473007202,142.32008361816406
haut,200,627,21.185050010681152,142.16366577148438
haut,200,628,21.21788239479065,142.27780151367188
haut,200,629,21.251859664916992,142.27027893066406
haut,200,630,21.28451442718506,142.29067993164062
haut,200,631,21.31836438179016,142.3848419189453
haut,200,632,21.350900888442993,142.31106567382812
haut,200,633,21.385298013687134,142.4300537109375
haut,200,634,21.41816282272339,142.4891357421875
haut,200,635,21.45125102996826,142.2721405029297
haut,200,636,21.48425269126892,142.30409240722656
haut,200,637,21.519059419631958,142.40309143066406
haut,200,638,21.550936698913574,142.14744567871094
haut,200,639,21.58505368232727,142.22476196289062
haut,200,640,21.617806673049927,142.30638122558594
haut,200,641,21.65172529220581,142.05235290527344
haut,200,642,21.68391728401184,142.1138153076172
haut,200,643,21.718120574951172,142.14422607421875
haut,200,644,21.75078320503235,142.310546875
haut,200,645,21.81799292564392,142.4232635498047
haut,200,646,21.850338459014893,142.17086791992188
haut,200,647,21.88491988182068,142.3463134765625
haut,200,648,21.917266368865967,142.16383361816406
haut,200,649,21.95090103149414,142.11181640625
haut,200,650,21.98387885093689,142.23448181152344
haut,200,651,22.0180823802948,142.32936096191406
haut,200,652,22.050807237625122,142.10333251953125
haut,200,653,22.084251642227173,142.30589294433594
haut,200,654,22.117924690246582,142.3046112060547
haut,200,655,22.15100860595703,142.2226104736328
haut,200,656,22.183671236038208,142.25567626953125
haut,200,657,22.21748161315918,142.15728759765625
haut,200,658,22.250133752822876,142.0657196044922
haut,200,659,22.284016847610474,142.27439880371094
haut,200,660,22.31704092025757,142.31204223632812
haut,200,661,22.350677728652954,142.22886657714844
haut,200,662,22.45069122314453,142.21412658691406
haut,200,663,22.51803493499756,142.16139221191406
haut,200,664,22.550463438034058,142.21437072753906
haut,200,665,22.583755254745483,142.0762176513672
haut,200,666,22.732633352279663,142.0797882080078
haut,200,667,22.884373903274536,142.1194610595703
haut,200,668,22.949753999710083,142.3267364501953
haut,200,669,22.983647346496582,142.04962158203125
haut,200,670,23.015978574752808,142.32057189941406
haut,200,671,23.08342933654785,142.13096618652344
haut,200,672,23.115886211395264,142.34397888183594
haut,200,673,23.14973735809326,142.28627014160156
haut,200,674,23.216070652008057,142.27346801757812
haut,200,675,23.249929428100586,142.0131378173828
haut,200,676,23.282671689987183,142.11839294433594
haut,200,677,23.316245317459106,142.3970184326172
haut,200,678,23.348806619644165,142.033447265625
haut,200,679,23.415663719177246,142.033447265625
haut,200,680,23.422670364379883,142.3795928955078
haut,200,681,23.449689865112305,142.30810546875
haut,200,682,23.482842683792114,142.20399475097656
haut,200,683,23.516212940216064,142.26202392578125
haut,200,684,23.54895520210266,142.2296600341797
haut,200,685,23.583215475082397,142.08621215820312
haut,200,686,23.61564588546753,142.3548126220703
haut,200,687,23.64973282814026,142.23338317871094
haut,200,688,23.68236470222473,141.96542358398438
haut,200,689,23.71622109413147,142.31219482421875
haut,200,690,23.74892544746399,142.2199249267578
haut,200,691,23.782663106918335,142.0924835205078
haut,200,692,23.8151638507843,142.27809143066406
haut,200,693,23.84908628463745,142.1953125
haut,200,694,23.881694793701172,141.9986114501953
haut,200,695,23.9157817363739,142.16162109375
haut,200,696,23.94845199584961,142.255615234375
haut,200,697,23.982439279556274,142.21270751953125
haut,200,698,24.01517629623413,142.36976623535156
haut,200,699,24.049309253692627,142.2000274658203
haut,200,700,24.08183765411377,142.15109252929688
haut,200,701,24.115898847579956,142.4824981689453
haut,200,702,24.14844536781311,142.2638702392578
haut,200,703,24.182411432266235,142.05831909179688
haut,200,704,24.2147855758667,142.43724060058594
haut,200,705,24.24896812438965,142.38430786132812
haut,200,706,24.281946897506714,142.14849853515625
haut,200,707,24.315287590026855,142.29725646972656
haut,200,708,24.348341703414917,142.1594696044922
haut,200,709,24.38345432281494,142.10757446289062
haut,200,710,24.414889335632324,142.23297119140625
haut,200,711,24.44841194152832,142.22760009765625
haut,200,712,24.481489181518555,141.98448181152344
haut,200,713,24.515258312225342,142.2880401611328
haut,200,714,24.5479998588562,142.24539184570312
haut,200,715,24.58232092857361,142.10557556152344
haut,200,716,24.61450743675232,142.2742919921875
haut,200,717,24.648428440093994,142.3035888671875
haut,200,718,24.68134880065918,142.0462188720703
haut,200,719,24.715365409851074,142.30661010742188
haut,200,720,24.74876594543457,142.25926208496094
haut,200,721,24.78152108192444,141.9948272705078
haut,200,722,24.81449604034424,142.28968811035156
haut,200,723,24.84825825691223,142.1520538330078
haut,200,724,24.88098907470703,142.1508331298828
haut,200,725,24.915016651153564,142.36744689941406
haut,200,726,24.94767689704895,142.21270751953125
haut,200,727,25.082011938095093,142.21884155273438
moyen,60,0,0.03915762901306152,143.5174102783203
moyen,60,1,0.07140851020812988,64.70086669921875
moyen,60,2,0.10507011413574219,64.8693618774414
moyen,60,3,0.1378483772277832,64.85867309570312
moyen,60,4,0.2048332691192627,64.78692626953125
moyen,60,5,0.23781085014343262,64.72492980957031
moyen,60,6,0.27158498764038086,64.74293518066406
moyen,60,7,0.30431675910949707,64.87782287597656
moyen,60,8,0.3390998840332031,64.82496643066406
moyen,60,9,0.37114977836608887,64.64967346191406
moyen,60,10,0.4044625759124756,64.8074951171875
moyen,60,11,0.43756580352783203,64.65550994873047
moyen,60,12,0.4713616371154785,64.67228698730469
moyen,60,13,0.5043973922729492,64.68582153320312
moyen,60,14,0.5378544330596924,64.77970123291016
moyen,60,15,0.570918083190918,64.73572540283203
moyen,60,16,0.604295015335083,64.91180419921875
moyen,60,17,0.6374070644378662,64.72749328613281
moyen,60,18,0.6709480285644531,64.68643951416016
moyen,60,19,0.7039196491241455,64.81062316894531
moyen,60,20,0.7376425266265869,64.75202941894531
moyen,60,21,0.7707514762878418,64.88146209716797
moyen,60,22,0.8043420314788818,64.57915496826172
moyen,60,23,0.8370671272277832,64.9251480102539
moyen,60,24,0.8709747791290283,64.8963623046875
moyen,60,25,0.903618335723877,64.74363708496094
moyen,60,26,0.9373037815093994,64.83543395996094
moyen,60,27,0.9707245826721191,64.64608001708984
moyen,60,28,1.0047142505645752,64.81399536132812
moyen,60,29,1.036895990371704,64.74158477783203
moyen,60,30,1.0703535079956055,64.84788513183594
moyen,60,31,1.1037766933441162,64.94142150878906
moyen,60,32,1.1373026371002197,64.50628662109375
moyen,60,33,1.1709191799163818,64.65352630615234
moyen,60,34,1.2036213874816895,64.7876205444336
moyen,60,35,1.2371845245361328,64.66187286376953
moyen,60,36,1.2702269554138184,64.80271911621094
moyen,60,37,1.3037664890289307,64.89604187011719
moyen,60,38,1.3366749286651611,64.87100219726562
moyen,60,39,1.3703200817108154,65.00627899169922
moyen,60,40,1.403649091720581,64.56396484375
moyen,60,41,1.437199592590332,64.88934326171875
moyen,60,42,1.4700803756713867,64.78685760498047
moyen,60,43,1.503406286239624,64.62310791015625
moyen,60,44,1.5367579460144043,65.03330993652344
moyen,60,45,1.5700082778930664,64.71825408935547
moyen,60,46,1.6032371520996094,64.69143676757812
moyen,60,47,1.6369154453277588,64.75934600830078
moyen,60,48,1.6700751781463623,64.67431640625
moyen,60,49,1.703110933303833,64.79905700683594
moyen,60,50,1.7362899780273438,64.6904067993164
moyen,60,51,1.7700729370117188,64.76762390136719
moyen,60,52,1.8034183979034424,64.81378173828125
moyen,60,53,1.8367767333984375,65.04293060302734
moyen,60,54,1.8698630332946777,64.97175598144531
moyen,60,55,1.9031140804290771,64.66056823730469
moyen,60,56,1.936039686203003,64.82041931152344
moyen,60,57,1.9697141647338867,64.8288803100586
moyen,60,58,2.002659797668457,64.83397674560547
moyen,60,59,2.0361204147338867,64.81590270996094
moyen,60,60,2.069359064102173,64.8200454711914
moyen,60,61,2.102764129638672,64.78887939453125
moyen,60,62,2.1358609199523926,64.69745635986328
moyen,60,63,2.1695566177368164,64.72676086425781
moyen,60,64,2.2027437686920166,64.81014251708984
moyen,60,65,2.23677396774292,64.70494079589844
moyen,60,66,2.26932692527771,64.81483459472656
moyen,60,67,2.304091215133667,64.75704956054688
moyen,60,68,2.3360304832458496,65.08785247802734
moyen,60,69,2.3696951866149902,64.8970718383789
moyen,60,70,2.402573585510254,64.8768310546875
moyen,60,71,2.43636155128479,64.86017608642578
moyen,60,72,2.4691951274871826,64.90181732177734
moyen,60,73,2.5036940574645996,64.92333984375
moyen,60,74,2.5692696571350098,64.87523651123047
moyen,60,75,2.6032166481018066,64.82947540283203
moyen,60,76,2.63567852973938,64.98338317871094
moyen,60,77,2.6703665256500244,64.7473373413086
moyen,60,78,2.7024121284484863,64.66398620605469
moyen,60,79,2.7360599040985107,64.68302917480469
moyen,60,80,2.7688775062561035,64.79983520507812
moyen,60,81,2.8027241230010986,64.70411682128906
moyen,60,82,2.835800886154175,64.910888671875
moyen,60,83,2.8693952560424805,64.88407897949219
moyen,60,84,2.9026529788970947,64.82011413574219
moyen,60,85,2.93687105178833,64.73699951171875
moyen,60,86,2.9696385860443115,64.79581451416016
moyen,60,87,3.0030477046966553,64.79124450683594
moyen,60,88,3.037031888961792,64.89991760253906
moyen,60,89,3.069664716720581,64.71704864501953
moyen,60,90,3.102322578430176,64.71461486816406
moyen,60,91,3.136060953140259,64.77011108398438
moyen,60,92,3.169210433959961,64.8608169555664
moyen,60,93,3.2028186321258545,64.58216857910156
moyen,60,94,3.235991954803467,64.61993408203125
moyen,60,95,3.26937198638916,64.81537628173828
moyen,60,96,3.301720142364502,64.85800170898438
moyen,60,97,3.3349921703338623,64.89289855957031
moyen,60,98,3.3681445121765137,64.62986755371094
moyen,60,99,3.4022202491760254,64.88231658935547
moyen,60,100,3.4347410202026367,64.74678039550781
moyen,60,101,3.468740224838257,64.79357147216797
moyen,60,102,3.501774311065674,64.80550384521484
moyen,60,103,3.53543758392334,65.00376892089844
moyen,60,104,3.568063974380493,64.75836944580078
moyen,60,105,3.6019904613494873,64.86121368408203
moyen,60,106,3.634890556335449,65.04199981689453
moyen,60,107,3.6684319972991943,64.87092590332031
moyen,60,108,3.7012457847595215,64.74897766113281
moyen,60,109,3.73524808883667,64.86602020263672
moyen,60,110,3.7682745456695557,64.95781707763672
moyen,60,111,3.802790880203247,64.56603240966797
moyen,60,112,3.834930896759033,64.73907470703125
moyen,60,113,3.868166923522949,65.05831146240234
moyen,60,114,3.9011590480804443,64.78688049316406
moyen,60,115,3.9346957206726074,64.71324920654297
moyen,60,116,3.9676334857940674,65.04168701171875
moyen,60,117,4.001152992248535,64.73646545410156
moyen,60,118,4.0340964794158936,64.81261444091797
moyen,60,119,4.067918539047241,64.83763122558594
moyen,60,120,4.101136684417725,64.90046691894531
moyen,60,121,4.134927034378052,64.681396484375
moyen,60,122,4.167984962463379,65.02362060546875
moyen,60,123,4.200716018676758,64.7562026977539
moyen,60,124,4.2347424030303955,64.75592041015625
moyen,60,125,4.268053293228149,64.73274230957031
moyen,60,126,4.300727844238281,65.02265930175781
moyen,60,127,4.334735631942749,65.05845642089844
moyen,60,128,4.367251873016357,64.98014068603516
moyen,60,129,4.400941371917725,64.83451080322266
moyen,60,130,4.433791875839233,64.96308135986328
moyen,60,131,4.467815637588501,64.90276336669922
moyen,60,132,4.503966331481934,64.71996307373047
moyen,60,133,4.5339555740356445,64.77429962158203
moyen,60,134,4.567399263381958,64.63123321533203
moyen,60,135,4.601041793823242,64.80423736572266
moyen,60,136,4.633792400360107,64.79779052734375
moyen,60,137,4.6676108837127686,65.09971618652344
moyen,60,138,4.70006537437439,64.94578552246094
moyen,60,139,4.734004497528076,65.09457397460938
moyen,60,140,4.767849922180176,64.97857666015625
moyen,60,141,4.80042839050293,64.99490356445312
moyen,60,142,4.833239555358887,64.93904876708984
moyen,60,143,4.866933345794678,64.91414642333984
moyen,60,144,4.90010404586792,64.93145751953125
moyen,60,145,4.9339141845703125,64.91661834716797
moyen,60,146,4.966774225234985,64.7447280883789
moyen,60,147,5.00058388710022,64.89749145507812
moyen,60,148,5.033372640609741,64.89481353759766
moyen,60,149,5.066969394683838,64.90544891357422
moyen,60,150,5.099865436553955,64.91033935546875
moyen,60,151,5.133706092834473,65.1148910522461
moyen,60,152,5.166816473007202,64.93119812011719
moyen,60,153,5.2002105712890625,65.1185531616211
moyen,60,154,5.233327150344849,65.02711486816406
moyen,60,155,5.266833782196045,65.1929702758789
moyen,60,156,5.299959897994995,65.03350830078125
moyen,60,157,5.33337926864624,65.03244018554688
moyen,60,158,5.366842269897461,65.00254821777344
moyen,60,159,5.400063753128052,64.77222442626953
moyen,60,160,5.433077096939087,65.02301025390625
moyen,60,161,5.46694540977478,65.00677490234375
moyen,60,162,5.49958348274231,64.89543914794922
moyen,60,163,5.533368349075317,65.03711700439453
moyen,60,164,5.5661396980285645,65.01921844482422
moyen,60,165,5.599707365036011,65.25534057617188
moyen,60,166,5.63287878036499,65.07318878173828
moyen,60,167,5.6669228076934814,65.33766174316406
moyen,60,168,5.699290037155151,65.0990982055664
moyen,60,169,5.733004093170166,65.15550231933594
moyen,60,170,5.766175270080566,65.38658905029297
moyen,60,171,5.799435377120972,65.154541015625
moyen,60,172,5.83283543586731,65.15306091308594
moyen,60,173,5.866130113601685,65.07716369628906
moyen,60,174,5.898913621902466,65.0763931274414
moyen,60,175,5.93299126625061,64.9582290649414
moyen,60,176,5.965684175491333,65.26387023925781
moyen,60,177,6.000627756118774,64.97080993652344
moyen,60,178,6.032326936721802,65.16320037841797
moyen,60,179,6.066096544265747,65.20931243896484
moyen,60,180,6.098679542541504,65.26402282714844
moyen,60,181,6.132852792739868,65.21080017089844
moyen,60,182,6.165689706802368,65.03773498535156
moyen,60,183,6.1993231773376465,65.24474334716797
moyen,60,184,6.232609748840332,65.31809997558594
moyen,60,185,6.265985727310181,64.99597930908203
moyen,60,186,6.298988103866577,65.22314453125
moyen,60,187,6.33247447013855,65.19586181640625
moyen,60,188,6.366381883621216,65.58684539794922
moyen,60,189,6.432309627532959,65.04476928710938
moyen,60,190,6.466029167175293,65.29283905029297
moyen,60,191,6.498884677886963,65.23377227783203
moyen,60,192,6.532057046890259,65.35026550292969
moyen,60,193,6.565736532211304,65.08173370361328
moyen,60,194,6.5982420444488525,65.04946899414062
moyen,60,195,6.632050514221191,65.51213836669922
moyen,60,196,6.66497802734375,65.26524353027344
moyen,60,197,6.698770999908447,65.16725158691406
moyen,60,198,6.731906175613403,65.16574096679688
moyen,60,199,6.7654128074646,65.49942016601562
moyen,60,200,6.798108816146851,65.17515563964844
moyen,60,201,6.831995725631714,65.271728515625
moyen,60,202,6.864683389663696,65.34862518310547
moyen,60,203,6.89857816696167,65.3261947631836
moyen,60,204,6.93172025680542,65.29653930664062
moyen,60,205,6.965217351913452,64.96757507324219
moyen,60,206,6.99786114692688,65.09876251220703
moyen,60,207,7.0316994190216064,65.39755249023438
moyen,60,208,7.0647900104522705,65.18331909179688
moyen,60,209,7.098435163497925,65.23249053955078
moyen,60,210,7.13131046295166,65.24632263183594
moyen,60,211,7.165101766586304,65.2286376953125
moyen,60,212,7.1977927684783936,65.31533813476562
moyen,60,213,7.2322998046875,65.177978515625
moyen,60,214,7.264449834823608,65.23467254638672
moyen,60,215,7.298112154006958,65.21881103515625
moyen,60,216,7.330998420715332,65.27845764160156
moyen,60,217,7.365034103393555,65.0308837890625
moyen,60,218,7.397818565368652,65.22826385498047
moyen,60,219,7.43146014213562,65.4110336303711
moyen,60,220,7.46425986289978,65.38359832763672
moyen,60,221,7.497901678085327,65.1674575805664
moyen,60,222,7.530825614929199,65.2341079711914
moyen,60,223,7.564911603927612,65.41205596923828
moyen,60,224,7.597782135009766,65.32070922851562
moyen,60,225,7.631021499633789,65.45516967773438
moyen,60,226,7.663848638534546,65.2295913696289
moyen,60,227,7.698006868362427,65.2038345336914
moyen,60,228,7.7308409214019775,65.48640441894531
moyen,60,229,7.7641518115997314,65.29318237304688
moyen,60,230,7.797239542007446,65.45405578613281
moyen,60,231,7.831067085266113,65.34027862548828
moyen,60,232,7.863692998886108,65.30538940429688
moyen,60,233,7.897380113601685,65.27134704589844
moyen,60,234,7.930414438247681,65.22940063476562
moyen,60,235,7.964325189590454,65.5126953125
moyen,60,236,7.996985673904419,65.34562683105469
moyen,60,237,8.030799865722656,65.36467742919922
moyen,60,238,8.063590049743652,65.27259826660156
moyen,60,239,8.09728455543518,65.28424835205078
moyen,60,240,8.13042402267456,65.27789306640625
moyen,60,241,8.164049625396729,65.14810943603516
moyen,60,242,8.196764945983887,65.4287109375
moyen,60,243,8.230581521987915,65.4755859375
moyen,60,244,8.26385235786438,65.37264251708984
moyen,60,245,8.297229051589966,65.63731384277344
moyen,60,246,8.330053567886353,65.42362976074219
moyen,60,247,8.363704204559326,65.5291748046875
moyen,60,248,8.396385908126831,65.40461730957031
moyen,60,249,8.430230855941772,65.46246337890625
moyen,60,250,8.463373899459839,65.3711929321289
moyen,60,251,8.496817111968994,65.15091705322266
moyen,60,252,8.529851913452148,65.57218933105469
moyen,60,253,8.563595056533813,65.26284790039062
moyen,60,254,8.596428394317627,65.35614013671875
moyen,60,255,8.630217790603638,65.13192749023438
moyen,60,256,8.662915468215942,65.42762756347656
moyen,60,257,8.696715831756592,65.51520538330078
moyen,60,258,8.729661703109741,65.41371154785156
moyen,60,259,8.763402700424194,65.34976196289062
moyen,60,260,8.795912027359009,65.4939193725586
moyen,60,261,8.829971313476562,65.57894134521484
moyen,60,262,8.863089799880981,65.5560302734375
moyen,60,263,8.896691083908081,65.27961730957031
moyen,60,264,8.92972207069397,65.36022186279297
moyen,60,265,8.96388864517212,65.32954406738281
moyen,60,266,8.996006727218628,65.6019287109375
moyen,60,267,9.02997374534607,65.29341888427734
moyen,60,268,9.063098430633545,65.52369689941406
moyen,60,269,9.096473932266235,65.464599609375
moyen,60,270,9.129071474075317,65.50362396240234
moyen,60,271,9.16279149055481,65.39637756347656
moyen,60,272,9.22984528541565,65.2231674194336
moyen,60,273,9.263107299804688,65.34489440917969
moyen,60,274,9.362081527709961,65.48746490478516
moyen,60,275,9.396082162857056,65.14253234863281
moyen,60,276,9.428932189941406,65.56904602050781
moyen,60,277,9.462811708450317,65.44287872314453
moyen,60,278,9.495702505111694,65.23385620117188
moyen,60,279,9.529427528381348,65.33390045166016
moyen,60,280,9.562155485153198,65.31238555908203
moyen,60,281,9.596293926239014,65.0708236694336
moyen,60,282,9.628936767578125,65.32920837402344
moyen,60,283,9.66233491897583,65.24737548828125
moyen,60,284,9.695070505142212,65.25201416015625
moyen,60,285,9.729088544845581,65.1531982421875
moyen,60,286,9.761961460113525,65.22339630126953
moyen,60,287,9.795806407928467,65.16130065917969
moyen,60,288,9.828600645065308,65.25244140625
moyen,60,289,9.86279010772705,65.11625671386719
moyen,60,290,9.895106077194214,65.35735321044922
moyen,60,291,9.929224252700806,65.43096923828125
moyen,60,292,9.961754322052002,65.13741302490234
moyen,60,293,9.99566125869751,65.18209838867188
moyen,60,294,10.028239250183105,65.12291717529297
moyen,60,295,10.062112092971802,65.30845642089844
moyen,60,296,10.096268653869629,65.26802062988281
moyen,60,297,10.13023591041565,65.12346649169922
moyen,60,298,10.161705017089844,65.38536834716797
moyen,60,299,10.196078300476074,65.24085235595703
moyen,60,300,10.228559494018555,65.39025115966797
moyen,60,301,10.262104511260986,65.25764465332031
moyen,60,302,10.294819593429565,65.27857208251953
moyen,60,303,10.329127073287964,65.29010772705078
moyen,60,304,10.361313343048096,65.1362075805664
moyen,60,305,10.395283937454224,65.12651062011719
moyen,60,306,10.428109645843506,65.42375946044922
moyen,60,307,10.46195912361145,65.08251190185547
moyen,60,308,10.494787454605103,65.2708740234375
moyen,60,309,10.528483867645264,64.92308807373047
moyen,60,310,10.561104536056519,65.04937744140625
moyen,60,311,10.595117092132568,65.02008056640625
moyen,60,312,10.62804913520813,64.91262817382812
moyen,60,313,10.662063598632812,65.10716247558594
moyen,60,314,10.69461989402771,65.20553588867188
moyen,60,315,10.728399515151978,65.26113891601562
moyen,60,316,10.761163234710693,65.25727844238281
moyen,60,317,10.794956922531128,64.9772720336914
moyen,60,318,10.827683210372925,65.06303405761719
moyen,60,319,10.861480474472046,65.18961334228516
moyen,60,320,10.894402027130127,65.04472351074219
moyen,60,321,10.928226709365845,65.07166290283203
moyen,60,322,10.962080717086792,65.23857116699219
moyen,60,323,10.9951331615448,64.93636322021484
moyen,60,324,11.02915334701538,65.32103729248047
moyen,60,325,11.061620473861694,65.01184844970703
moyen,60,326,11.093831777572632,65.05571746826172
moyen,60,327,11.128461837768555,65.0213623046875
moyen,60,328,11.160667419433594,64.85668182373047
moyen,60,329,11.194384098052979,65.23677825927734
moyen,60,330,11.22786569595337,65.02176666259766
moyen,60,331,11.26134967803955,65.02308654785156
moyen,60,332,11.29384446144104,65.16668701171875
moyen,60,333,11.32725214958191,65.22235870361328
moyen,60,334,11.39434003829956,64.95405578613281
moyen,60,335,11.428063869476318,65.0636215209961
moyen,60,336,11.494395732879639,64.94013214111328
moyen,60,337,11.527769088745117,65.02139282226562
moyen,60,338,11.560386896133423,65.13809967041016
moyen,60,339,11.59460186958313,64.9001693725586
moyen,60,340,11.626907587051392,64.80757904052734
moyen,60,341,11.66338562965393,64.94645690917969
moyen,60,342,11.693326711654663,64.77767181396484
moyen,60,343,11.727898120880127,64.99569702148438
moyen,60,344,11.760984897613525,64.99124145507812
moyen,60,345,11.793934106826782,65.04615020751953
moyen,60,346,11.826585292816162,64.75176239013672
moyen,60,347,11.860684871673584,65.06028747558594
moyen,60,348,11.89364767074585,65.00108337402344
moyen,60,349,11.927603244781494,65.0036392211914
moyen,60,350,11.960373401641846,64.90462493896484
moyen,60,351,11.993443012237549,64.89594268798828
moyen,60,352,12.026453971862793,64.98881530761719
moyen,60,353,12.060237884521484,64.86443328857422
moyen,60,354,12.093678951263428,64.82257843017578
moyen,60,355,12.127103328704834,64.73461151123047
moyen,60,356,12.16091513633728,65.02793884277344
moyen,60,357,12.193382501602173,64.93949127197266
moyen,60,358,12.226823329925537,64.85372161865234
moyen,60,359,12.260368585586548,64.9736328125
moyen,60,360,12.293002128601074,64.81654357910156
moyen,60,361,12.326982021331787,65.00485229492188
moyen,60,362,12.359802007675171,64.89860534667969
moyen,60,363,12.393253564834595,65.14984130859375
moyen,60,364,12.425922632217407,64.79257202148438
moyen,60,365,12.460586786270142,64.99113464355469
moyen,60,366,12.493829488754272,64.7094497680664
moyen,60,367,12.527257204055786,64.90681457519531
moyen,60,368,12.559040069580078,64.91401672363281
moyen,60,369,12.593257665634155,64.79755401611328
moyen,60,370,12.62567687034607,64.96864318847656
moyen,60,371,12.659796476364136,65.03762817382812
moyen,60,372,12.692684650421143,64.86068725585938
moyen,60,373,12.726366996765137,64.89224243164062
moyen,60,374,12.759316205978394,64.70740509033203
moyen,60,375,12.795071601867676,64.90544891357422
moyen,60,376,12.825763702392578,64.80278015136719
moyen,60,377,12.860444784164429,64.88372802734375
moyen,60,378,12.892613887786865,64.85493469238281
moyen,60,379,12.926767826080322,64.936279296875
moyen,60,380,12.958943605422974,64.79388427734375
moyen,60,381,12.993197441101074,65.01013946533203
moyen,60,382,13.025674104690552,64.75807189941406
moyen,60,383,13.059340476989746,64.88594818115234
moyen,60,384,13.092362880706787,64.85425567626953
moyen,60,385,13.126154899597168,64.9599609375
moyen,60,386,13.158821105957031,64.85829162597656
moyen,60,387,13.192604780197144,64.79509735107422
moyen,60,388,13.225339412689209,64.87671661376953
moyen,60,389,13.259395122528076,64.71542358398438
moyen,60,390,13.292608261108398,64.64810943603516
moyen,60,391,13.326210021972656,64.78104400634766
moyen,60,392,13.358401775360107,64.61032104492188
moyen,60,393,13.392473936080933,64.76834106445312
moyen,60,394,13.425755739212036,64.65797424316406
moyen,60,395,13.459909439086914,64.79243469238281
moyen,60,396,13.491799354553223,64.99504852294922
moyen,60,397,13.525663375854492,64.78529357910156
moyen,60,398,13.559706211090088,64.90504455566406
moyen,60,399,13.592248678207397,64.78079986572266
moyen,60,400,13.624746322631836,64.75238037109375
moyen,60,401,13.658722877502441,64.8266372680664
moyen,60,402,13.691671133041382,64.89051055908203
moyen,60,403,13.72584056854248,64.93831634521484
moyen,60,404,13.758105039596558,64.98304748535156
moyen,60,405,13.79219365119934,64.75984191894531
moyen,60,406,13.824995517730713,64.95719146728516
moyen,60,407,13.858437776565552,64.86903381347656
moyen,60,408,13.891637802124023,64.82313537597656
moyen,60,409,13.925262928009033,64.876708984375
moyen,60,410,13.95780348777771,64.71355438232422
moyen,60,411,13.99373197555542,64.83493041992188
moyen,60,412,14.090882778167725,64.83493041992188
moyen,60,413,14.098214387893677,64.75413513183594
moyen,60,414,14.158050298690796,65.13826751708984
moyen,60,415,14.192453384399414,64.7991714477539
moyen,60,416,14.224008798599243,64.82415771484375
moyen,60,417,14.258212566375732,64.77796173095703
moyen,60,418,14.290985584259033,64.95449829101562
moyen,60,419,14.324973583221436,64.8885269165039
moyen,60,420,14.357983589172363,64.8012466430664
moyen,60,421,14.391462326049805,64.88711547851562
moyen,60,422,14.424204349517822,64.68196868896484
moyen,60,423,14.45793342590332,64.8690185546875
moyen,60,424,14.49103593826294,64.8950424194336
moyen,60,425,14.558259963989258,64.93840026855469
moyen,60,426,14.590465068817139,64.94042205810547
moyen,60,427,14.624764204025269,64.62109375
moyen,60,428,14.657474756240845,64.99307250976562
moyen,60,429,14.69176459312439,64.74108123779297
moyen,60,430,14.723843574523926,64.85232543945312
moyen,60,431,14.757681608200073,64.83815002441406
moyen,60,432,14.790711164474487,64.78436279296875
moyen,60,433,14.824682712554932,64.7900161743164
moyen,60,434,14.857596635818481,64.90091705322266
moyen,60,435,14.890884637832642,65.03119659423828
moyen,60,436,14.923897743225098,64.9711685180664
moyen,60,437,14.957652807235718,64.72383880615234
moyen,60,438,14.9902024269104,64.70503997802734
moyen,60,439,15.024306535720825,65.03620147705078
moyen,60,440,15.056795835494995,64.89151000976562
moyen,60,441,15.091001987457275,64.99694061279297
moyen,60,442,15.123842000961304,64.60774993896484
moyen,60,443,15.158122062683105,64.8332290649414
moyen,60,444,15.191164016723633,64.55342864990234
moyen,60,445,15.224356412887573,64.9685287475586
moyen,60,446,15.256458044052124,64.59779357910156
moyen,60,447,15.291025400161743,64.73699951171875
moyen,60,448,15.323134660720825,64.7457046508789
moyen,60,449,15.357353210449219,64.7325668334961
moyen,60,450,15.392424583435059,64.7866439819336
moyen,60,451,15.424820184707642,64.98839569091797
moyen,60,452,15.456844091415405,64.83775329589844
moyen,60,453,15.490708589553833,65.1606216430664
moyen,60,454,15.523387670516968,64.83173370361328
moyen,60,455,15.556916236877441,64.78178405761719
moyen,60,456,15.59021520614624,65.18999481201172
moyen,60,457,15.623955726623535,64.82910919189453
moyen,60,458,15.656415939331055,64.90937805175781
moyen,60,459,15.690362453460693,64.75003051757812
moyen,60,460,15.724698066711426,64.9450454711914
moyen,60,461,15.757939338684082,64.77912902832031
moyen,60,462,15.78983998298645,64.87594604492188
moyen,60,463,15.823886156082153,64.76111602783203
moyen,60,464,15.856757879257202,64.78142547607422
moyen,60,465,15.890227556228638,64.73413848876953
moyen,60,466,15.923277139663696,64.7950210571289
moyen,60,467,15.957131147384644,65.11882781982422
moyen,60,468,15.990100383758545,64.85661315917969
moyen,60,469,16.023380517959595,64.96219635009766
moyen,60,470,16.057098388671875,65.01520538330078
moyen,60,471,16.090163946151733,64.9106674194336
moyen,60,472,16.122596502304077,64.78101348876953
moyen,60,473,16.15712285041809,64.70990753173828
moyen,60,474,16.191088438034058,64.62427520751953
moyen,60,475,16.224079847335815,64.83509063720703
moyen,60,476,16.256023645401,64.78703308105469
moyen,60,477,16.289641618728638,64.76329040527344
moyen,60,478,16.322844743728638,64.80518341064453
moyen,60,479,16.358243465423584,64.78215026855469
moyen,60,480,16.389562606811523,64.78571319580078
moyen,60,481,16.423478841781616,64.74539184570312
moyen,60,482,16.45638155937195,64.75920867919922
moyen,60,483,16.490206480026245,64.79740905761719
moyen,60,484,16.52264714241028,64.80770874023438
moyen,60,485,16.556218147277832,64.80613708496094
moyen,60,486,16.58938956260681,64.8650131225586
moyen,60,487,16.62311363220215,64.6888656616211
moyen,60,488,16.656165838241577,64.8881607055664
moyen,60,489,16.68944811820984,65.01918029785156
moyen,60,490,16.72230577468872,64.84451293945312
moyen,60,491,16.75630760192871,64.94132232666016
moyen,60,492,16.78887152671814,64.6972427368164
moyen,60,493,16.822640657424927,64.69005584716797
moyen,60,494,16.85582995414734,65.03483581542969
moyen,60,495,16.88964056968689,65.06645202636719
moyen,60,496,16.92220711708069,64.58551025390625
moyen,60,497,16.95595073699951,64.81123352050781
moyen,60,498,16.98856472969055,64.74107360839844
moyen,60,499,17.02247714996338,64.56707000732422
moyen,60,500,17.05535650253296,64.77064514160156
moyen,60,501,17.089082956314087,64.73974609375
moyen,60,502,17.12193775177002,64.81559753417969
moyen,60,503,17.155757665634155,64.82025909423828
moyen,60,504,17.18811273574829,64.81431579589844
moyen,60,505,17.222305059432983,64.75053405761719
moyen,60,506,17.25499939918518,64.89360046386719
moyen,60,507,17.288992881774902,64.88544464111328
moyen,60,508,17.32187581062317,64.9322280883789
moyen,60,509,17.355236053466797,64.61560821533203
moyen,60,510,17.38897943496704,64.99502563476562
moyen,60,511,17.422261953353882,64.65398406982422
moyen,60,512,17.454705715179443,64.85177612304688
moyen,60,513,17.4885995388031,64.81261444091797
moyen,60,514,17.655935287475586,65.13803100585938
moyen,60,515,17.688715934753418,64.94564819335938
moyen,60,516,17.721160411834717,64.71041870117188
moyen,60,517,17.755057334899902,64.81907653808594
moyen,60,518,17.788138389587402,64.9543685913086
moyen,60,519,17.821696519851685,64.81877136230469
moyen,60,520,17.854530811309814,64.77140808105469
moyen,60,521,17.88871431350708,64.72065734863281
moyen,60,522,17.92075824737549,64.71058654785156
moyen,60,523,17.954839944839478,64.85350036621094
moyen,60,524,17.987751960754395,64.81651306152344
moyen,60,525,18.021677255630493,64.970458984375
moyen,60,526,18.054783582687378,64.59684753417969
moyen,60,527,18.08822536468506,65.04459381103516
moyen,60,528,18.120648860931396,64.97157287597656
moyen,60,529,18.154425621032715,64.71293640136719
moyen,60,530,18.187355041503906,64.78297424316406
moyen,60,531,18.22122597694397,64.68968200683594
moyen,60,532,18.25393581390381,64.93185424804688
moyen,60,533,18.287888526916504,64.849365234375
moyen,60,534,18.32083225250244,64.76204681396484
moyen,60,535,18.354344844818115,64.6971206665039
moyen,60,536,18.38712453842163,64.84308624267578
moyen,60,537,18.421217918395996,64.91952514648438
moyen,60,538,18.453751802444458,64.92601013183594
moyen,60,539,18.48890233039856,64.93054962158203
moyen,60,540,18.520723581314087,64.90679168701172
moyen,60,541,18.554208993911743,64.64863586425781
moyen,60,542,18.586938619613647,64.96759033203125
moyen,60,543,18.620921850204468,64.80901336669922
moyen,60,544,18.65368914604187,64.9912109375
moyen,60,545,18.68761396408081,64.58392333984375
moyen,60,546,18.719959497451782,64.8639144897461
moyen,60,547,18.754101753234863,64.75692749023438
moyen,60,548,18.78687024116516,64.8988265991211
moyen,60,549,18.821018934249878,64.71045684814453
moyen,60,550,18.85337996482849,64.82491302490234
moyen,60,551,18.887248754501343,64.93487548828125
moyen,60,552,18.919747591018677,65.01070404052734
moyen,60,553,18.953808784484863,65.00877380371094
moyen,60,554,18.987044095993042,64.93164825439453
moyen,60,555,19.020355463027954,64.96160125732422
moyen,60,556,19.053316831588745,64.832763671875
moyen,60,557,19.08725142478943,65.06939697265625
moyen,60,558,19.11972427368164,64.66629791259766
moyen,60,559,19.153481006622314,64.83635711669922
moyen,60,560,19.186001300811768,64.81654357910156
moyen,60,561,19.220577478408813,64.66527557373047
moyen,60,562,19.25287675857544,64.89055633544922
moyen,60,563,19.286786317825317,64.78915405273438
moyen,60,564,19.31974506378174,64.90668487548828
moyen,60,565,19.35330557823181,64.8351058959961
moyen,60,566,19.386220932006836,64.73857116699219
moyen,60,567,19.41985034942627,64.8259506225586
moyen,60,568,19.452751398086548,64.64386749267578
moyen,60,569,19.486774682998657,64.73880004882812
moyen,60,570,19.519602298736572,64.75112915039062
moyen,60,571,19.553088903427124,64.95986938476562
moyen,60,572,19.585764408111572,64.94113159179688
moyen,60,573,19.619916439056396,64.99162292480469
moyen,60,574,19.652693510055542,64.78308868408203
moyen,60,575,19.68646812438965,64.86309814453125
moyen,60,576,19.718982696533203,64.7905044555664
moyen,60,577,19.752970695495605,64.62938690185547
moyen,60,578,19.785967350006104,64.99896240234375
moyen,60,579,19.81970477104187,64.90148162841797
moyen,60,580,19.852722883224487,64.7641372680664
moyen,60,581,19.88630199432373,64.58818054199219
moyen,60,582,19.919249534606934,64.81248474121094
moyen,60,583,19.95315194129944,64.83344268798828
moyen,60,584,19.985429286956787,64.78683471679688
moyen,60,585,20.019237279891968,64.6744384765625
moyen,60,586,20.05296230316162,65.01168823242188
moyen,60,587,20.086127758026123,64.80241394042969
moyen,60,588,20.118783950805664,64.94911193847656
moyen,60,589,20.152777433395386,64.92398834228516
moyen,60,590,20.185185432434082,64.87960052490234
moyen,60,591,20.21920084953308,64.57101440429688
moyen,60,592,20.252004623413086,65.02812194824219
moyen,60,593,20.286360025405884,64.85845184326172
moyen,60,594,20.318805694580078,64.87532806396484
moyen,60,595,20.352415084838867,64.71656036376953
moyen,60,596,20.385708808898926,64.9108657836914
moyen,60,597,20.419585943222046,64.869384765625
moyen,60,598,20.451945781707764,64.921142578125
moyen,60,599,20.486123085021973,64.7079086303711
moyen,60,600,20.518444061279297,64.81537628173828
moyen,60,601,20.552375316619873,65.11695861816406
moyen,60,602,20.584919452667236,64.70343780517578
moyen,60,603,20.61898970603943,64.68817901611328
moyen,60,604,20.652087450027466,64.81208801269531
moyen,60,605,20.686196327209473,64.94126892089844
moyen,60,606,20.71819806098938,64.81853485107422
moyen,60,607,20.752588987350464,65.04554748535156
moyen,60,608,20.785122394561768,64.97615051269531
moyen,60,609,20.818631887435913,65.07503509521484
moyen,60,610,20.851743459701538,64.85140991210938
moyen,60,611,20.885475635528564,65.01567077636719
moyen,60,612,20.91797685623169,64.77651977539062
moyen,60,613,20.952190399169922,64.79782104492188
moyen,60,614,20.984848260879517,64.77240753173828
moyen,60,615,21.0187246799469,65.11873626708984
moyen,60,616,21.051141500473022,65.03544616699219
moyen,60,617,21.0854651927948,65.08321380615234
moyen,60,618,21.118199348449707,64.90276336669922
moyen,60,619,21.15194010734558,64.87786102294922
moyen,60,620,21.184695959091187,64.91905212402344
moyen,60,621,21.218674898147583,64.91055297851562
moyen,60,622,21.251386880874634,64.91421508789062
moyen,60,623,21.285184383392334,64.91848754882812
moyen,60,624,21.31744694709778,64.70135498046875
moyen,60,625,21.351579666137695,64.76313781738281
moyen,60,626,21.38436007499695,64.73310852050781
moyen,60,627,21.417848825454712,64.98758697509766
moyen,60,628,21.4518826007843,64.69927215576172
moyen,60,629,21.485421895980835,64.58326721191406
moyen,60,630,21.517719507217407,64.85869598388672
moyen,60,631,21.551280736923218,64.95623016357422
moyen,60,632,21.584757089614868,64.60905456542969
moyen,60,633,21.618063926696777,64.86286163330078
moyen,60,634,21.651650190353394,64.76873016357422
moyen,60,635,21.68438959121704,64.65396881103516
moyen,60,636,21.717621564865112,64.86196899414062
moyen,60,637,21.751227617263794,64.76455688476562
moyen,60,638,21.784018754959106,64.9276123046875
moyen,60,639,21.817745685577393,64.93441772460938
moyen,60,640,21.85111904144287,64.87041473388672
moyen,60,641,21.885634899139404,64.62694549560547
moyen,60,642,21.91798996925354,64.94469451904297
moyen,60,643,21.95136594772339,64.87054443359375
moyen,60,644,21.983887672424316,64.65663146972656
moyen,60,645,22.018043041229248,64.65804290771484
moyen,60,646,22.050918102264404,64.85067749023438
moyen,60,647,22.084373950958252,65.0359115600586
moyen,60,648,22.116986513137817,64.80726623535156
moyen,60,649,22.151228427886963,64.75389099121094
moyen,60,650,22.217049837112427,65.16392517089844
moyen,60,651,22.25084114074707,64.94954681396484
moyen,60,652,22.316871404647827,64.89265441894531
moyen,60,653,22.350589513778687,64.99998474121094
moyen,60,654,22.38332176208496,64.88276672363281
moyen,60,655,22.417004585266113,65.02039337158203
moyen,60,656,22.449841737747192,64.85905456542969
moyen,60,657,22.483859539031982,64.96712493896484
moyen,60,658,22.51686930656433,64.90120697021484
moyen,60,659,22.550145387649536,64.91068267822266
moyen,60,660,22.58318305015564,64.98678588867188
moyen,60,661,22.61733102798462,64.79121398925781
moyen,60,662,22.649731159210205,65.22860717773438
moyen,60,663,22.683942794799805,65.09803771972656
moyen,60,664,22.749711990356445,65.05536651611328
moyen,60,665,22.783347606658936,65.06991577148438
moyen,60,666,22.81620717048645,65.12824249267578
moyen,60,667,22.850392818450928,65.02523040771484
moyen,60,668,22.882815837860107,64.89990234375
moyen,60,669,22.916747570037842,65.09154510498047
moyen,60,670,22.949681520462036,65.04186248779297
moyen,60,671,22.983755350112915,65.1409683227539
moyen,60,672,23.016069650650024,65.32131958007812
moyen,60,673,23.050159215927124,65.16273498535156
moyen,60,674,23.0827317237854,64.97378540039062
moyen,60,675,23.11682152748108,65.15887451171875
moyen,60,676,23.149126529693604,65.13721466064453
moyen,60,677,23.183290719985962,65.00804138183594
moyen,60,678,23.215845346450806,65.01243591308594
moyen,60,679,23.24997091293335,64.96900177001953
moyen,60,680,23.282420873641968,65.00521850585938
moyen,60,681,23.318784713745117,65.11323547363281
moyen,60,682,23.349149703979492,65.0662841796875
moyen,60,683,23.383243083953857,65.33628845214844
moyen,60,684,23.415790796279907,65.13955688476562
moyen,60,685,23.44955539703369,64.99696350097656
moyen,60,686,23.482474327087402,65.20166015625
moyen,60,687,23.51623225212097,65.05574035644531
moyen,60,688,23.548803567886353,65.16028594970703
moyen,60,689,23.582687377929688,65.15725708007812
moyen,60,690,23.61582112312317,65.02317810058594
moyen,60,691,23.649330615997314,65.0601806640625
moyen,60,692,23.68236994743347,65.29463195800781
moyen,60,693,23.715912342071533,65.1170883178711
moyen,60,694,23.74860119819641,65.15779876708984
moyen,60,695,23.782710790634155,65.08799743652344
moyen,60,696,23.815218687057495,65.1417007446289
moyen,60,697,23.849117755889893,65.17948913574219
moyen,60,698,23.88286304473877,65.22509002685547
moyen,60,699,23.91585898399353,65.14362335205078
moyen,60,700,23.9484601020813,65.17779541015625
moyen,60,701,23.982604265213013,65.36705780029297
moyen,60,702,24.01523756980896,65.28990936279297
moyen,60,703,24.0492205619812,65.1521987915039
moyen,60,704,24.08169460296631,65.0299301147461
moyen,60,705,24.11570143699646,65.36347961425781
moyen,60,706,24.148621559143066,65.36625671386719
moyen,60,707,24.182145595550537,65.39876556396484
moyen,60,708,24.214850425720215,65.31863403320312
moyen,60,709,24.249043703079224,65.24270629882812
moyen,60,710,24.28133535385132,65.4273452758789
moyen,60,711,24.315780639648438,65.26873016357422
moyen,60,712,24.3483145236969,65.15069580078125
moyen,60,713,24.382229804992676,64.96914672851562
moyen,60,714,24.41477108001709,65.38143157958984
moyen,60,715,24.448664903640747,65.19058227539062
moyen,60,716,24.481470584869385,65.25445556640625
moyen,60,717,24.515170574188232,65.0918197631836
moyen,60,718,24.547921895980835,65.37998962402344
moyen,60,719,24.58177423477173,65.38619232177734
moyen,60,720,24.61439323425293,64.99337005615234
moyen,60,721,24.648456573486328,65.3223876953125
moyen,60,722,24.68110704421997,65.254638671875
moyen,60,723,24.714918851852417,65.05077362060547
moyen,60,724,24.74797010421753,65.18717956542969
moyen,60,725,24.78168773651123,65.18548583984375
moyen,60,726,24.814435958862305,65.24737548828125
moyen,60,727,24.84835147857666,65.39752197265625
moyen,60,728,24.881139993667603,65.33990478515625
moyen,60,729,24.914823293685913,65.0990982055664
moyen,60,730,24.94767928123474,65.2607192993164
moyen,60,731,24.981600284576416,65.3432388305664
moyen,60,732,25.014170169830322,65.32881927490234
bas,21,0,0.03926992416381836,143.02696228027344
bas,21,1,0.07121634483337402,18.23569679260254
bas,21,2,0.10476303100585938,18.152339935302734
bas,21,3,0.13756871223449707,18.09670066833496
bas,21,4,0.17157626152038574,18.27882194519043
bas,21,5,0.20397734642028809,18.104969024658203
bas,21,6,0.23796868324279785,18.432674407958984
bas,21,7,0.27073192596435547,18.29695701599121
bas,21,8,0.305619478225708,18.22787094116211
bas,21,9,0.3372330665588379,18.172103881835938
bas,21,10,0.40458083152770996,18.202754974365234
bas,21,11,0.4371488094329834,18.21910285949707
bas,21,12,0.47091102600097656,18.320173263549805
bas,21,13,0.5036661624908447,18.23236083984375
bas,21,14,0.5377137660980225,18.25889778137207
bas,21,15,0.5703308582305908,18.287168502807617
bas,21,16,0.6043984889984131,18.274137496948242
bas,21,17,0.6369976997375488,18.23956298828125
bas,21,18,0.6706035137176514,18.10830307006836
bas,21,19,0.7033584117889404,18.319826126098633
bas,21,20,0.7374858856201172,18.244186401367188
bas,21,21,0.7702264785766602,18.123737335205078
bas,21,22,0.8044407367706299,18.088268280029297
bas,21,23,0.8365335464477539,18.058013916015625
bas,21,24,0.8707113265991211,18.152812957763672
bas,21,25,0.9032201766967773,18.2982120513916
bas,21,26,0.9370391368865967,18.20911407470703
bas,21,27,0.970005989074707,18.2127628326416
bas,21,28,1.0040020942687988,18.27444076538086
bas,21,29,1.0363690853118896,18.058320999145508
bas,21,30,1.0703907012939453,18.379568099975586
bas,21,31,1.1030592918395996,18.303470611572266
bas,21,32,1.1369619369506836,18.24932289123535
bas,21,33,1.1697406768798828,18.149330139160156
bas,21,34,1.2037301063537598,18.256010055541992
bas,21,35,1.2363200187683105,18.43910789489746
bas,21,36,1.2712311744689941,18.18956184387207
bas,21,37,1.302746295928955,18.38838005065918
bas,21,38,1.3694872856140137,18.38838005065918
bas,21,39,1.376420021057129,18.338123321533203
bas,21,40,1.4031352996826172,18.207111358642578
bas,21,41,1.4361395835876465,18.282400131225586
bas,21,42,1.4704041481018066,18.231271743774414
bas,21,43,1.503098726272583,18.319286346435547
bas,21,44,1.570237159729004,18.282922744750977
bas,21,45,1.602940320968628,18.238994598388672
bas,21,46,1.6393229961395264,18.245548248291016
bas,21,47,1.669543743133545,18.28636932373047
bas,21,48,1.7032930850982666,18.356225967407227
bas,21,49,1.735882043838501,18.242639541625977
bas,21,50,1.7700300216674805,18.045833587646484
bas,21,51,1.802978277206421,18.273941040039062
bas,21,52,1.838395357131958,18.192977905273438
bas,21,53,1.869293212890625,18.405752182006836
bas,21,54,1.9031522274017334,18.286544799804688
bas,21,55,1.9357116222381592,18.340312957763672
bas,21,56,1.9697773456573486,18.368404388427734
bas,21,57,2.0022451877593994,18.33634376525879
bas,21,58,2.036163806915283,18.29391098022461
bas,21,59,2.0691936016082764,18.18661117553711
bas,21,60,2.1028897762298584,18.19824981689453
bas,21,61,2.1357429027557373,18.133825302124023
bas,21,62,2.203065872192383,18.100616455078125
bas,21,63,2.235383987426758,18.4853458404541
bas,21,64,2.2692930698394775,18.17724609375
bas,21,65,2.302314519882202,18.215824127197266
bas,21,66,2.3361406326293945,17.972734451293945
bas,21,67,2.3689324855804443,18.394746780395508
bas,21,68,2.402635097503662,18.112571716308594
bas,21,69,2.4353301525115967,18.154098510742188
bas,21,70,2.470583200454712,18.396060943603516
bas,21,71,2.5018584728240967,18.242692947387695
bas,21,72,2.5356459617614746,18.170894622802734
bas,21,73,2.56929612159729,18.150012969970703
bas,21,74,2.602524518966675,18.070558547973633
bas,21,75,2.6349692344665527,18.262393951416016
bas,21,76,2.6690165996551514,18.24506950378418
bas,21,77,2.7018420696258545,18.329397201538086
bas,21,78,2.7689316272735596,18.10557746887207
bas,21,79,2.801856517791748,18.151443481445312
bas,21,80,2.835493564605713,18.251977920532227
bas,21,81,2.8681771755218506,18.28170394897461
bas,21,82,2.9019968509674072,18.353822708129883
bas,21,83,2.934760808944702,18.235464096069336
bas,21,84,2.968778610229492,18.511423110961914
bas,21,85,3.0017051696777344,18.24187660217285
bas,21,86,3.035656452178955,18.163068771362305
bas,21,87,3.068040132522583,18.149858474731445
bas,21,88,3.101923942565918,18.327980041503906
bas,21,89,3.1349778175354004,18.142261505126953
bas,21,90,3.1684463024139404,18.237430572509766
bas,21,91,3.2013752460479736,18.131847381591797
bas,21,92,3.2352397441864014,18.243358612060547
bas,21,93,3.2680249214172363,18.376798629760742
bas,21,94,3.302046775817871,18.28523063659668
bas,21,95,3.334153413772583,18.303403854370117
bas,21,96,3.4016366004943848,18.13968849182129
bas,21,97,3.434469223022461,18.090002059936523
bas,21,98,3.4679784774780273,18.212541580200195
bas,21,99,3.5012528896331787,18.179555892944336
bas,21,100,3.5353448390960693,18.2352237701416
bas,21,101,3.5676889419555664,18.23675537109375
bas,21,102,3.6015913486480713,18.332042694091797
bas,21,103,3.6340460777282715,18.295608520507812
bas,21,104,3.6684608459472656,18.263671875
bas,21,105,3.7006969451904297,18.285072326660156
bas,21,106,3.7350199222564697,18.257326126098633
bas,21,107,3.7674777507781982,18.197439193725586
bas,21,108,3.8015217781066895,18.30588150024414
bas,21,109,3.8341007232666016,18.186330795288086
bas,21,110,3.8680450916290283,18.37287139892578
bas,21,111,3.9007866382598877,18.27981185913086
bas,21,112,3.934441089630127,18.2358341217041
bas,21,113,3.9672152996063232,18.259334564208984
bas,21,114,4.001195192337036,18.409217834472656
bas,21,115,4.034189701080322,18.10079002380371
bas,21,116,4.067508935928345,18.233366012573242
bas,21,117,4.100270748138428,18.264598846435547
bas,21,118,4.1344521045684814,18.29576873779297
bas,21,119,4.166893720626831,18.359516143798828
bas,21,120,4.200983285903931,18.245431900024414
bas,21,121,4.233506441116333,18.08004379272461
bas,21,122,4.267452001571655,18.314952850341797
bas,21,123,4.300063133239746,18.209444046020508
bas,21,124,4.333772897720337,18.263893127441406
bas,21,125,4.366760969161987,18.173492431640625
bas,21,126,4.400609970092773,18.241472244262695
bas,21,127,4.433278560638428,18.0628604888916
bas,21,128,4.467238187789917,18.254837036132812
bas,21,129,4.500171899795532,18.18462371826172
bas,21,130,4.533944368362427,18.22422981262207
bas,21,131,4.566491365432739,18.09273338317871
bas,21,132,4.601365089416504,18.188087463378906
bas,21,133,4.633160829544067,18.20831871032715
bas,21,134,4.667187929153442,18.357742309570312
bas,21,135,4.699659109115601,18.186790466308594
bas,21,136,4.733645439147949,18.179296493530273
bas,21,137,4.7664635181427,18.45713996887207
bas,21,138,4.800504684448242,18.16803550720215
bas,21,139,4.8329856395721436,18.147253036499023
bas,21,140,4.866928339004517,18.34272575378418
bas,21,141,4.899489641189575,18.22867774963379
bas,21,142,4.9335126876831055,18.28243637084961
bas,21,143,4.966238498687744,18.27726173400879
bas,21,144,5.000112295150757,18.262264251708984
bas,21,145,5.032894849777222,18.16541290283203
bas,21,146,5.066620588302612,18.278244018554688
bas,21,147,5.099615573883057,18.216135025024414
bas,21,148,5.133148908615112,18.140840530395508
bas,21,149,5.1660075187683105,18.302825927734375
bas,21,150,5.266671895980835,18.435958862304688
bas,21,151,5.333317279815674,18.193458557128906
bas,21,152,5.366364002227783,18.259540557861328
bas,21,153,5.4329564571380615,18.324796676635742
bas,21,154,5.499411582946777,18.243408203125
bas,21,155,5.534979343414307,18.356361389160156
bas,21,156,5.632550954818726,18.299636840820312
bas,21,157,5.665635347366333,18.15626335144043
bas,21,158,5.699291706085205,18.26724624633789
bas,21,159,5.731776475906372,18.150936126708984
bas,21,160,5.76574182510376,18.264802932739258
bas,21,161,5.799012899398804,18.07347297668457
bas,21,162,5.832530498504639,18.33802032470703
bas,21,163,5.865313291549683,18.241313934326172
bas,21,164,5.899317026138306,18.131444931030273
bas,21,165,5.931895732879639,18.224620819091797
bas,21,166,5.965941905975342,18.287378311157227
bas,21,167,5.998640060424805,18.429899215698242
bas,21,168,6.03251314163208,18.126407623291016
bas,21,169,6.065080881118774,18.217374801635742
bas,21,170,6.098954200744629,18.317922592163086
bas,21,171,6.13171648979187,18.326683044433594
bas,21,172,6.1654744148254395,18.230863571166992
bas,21,173,6.199221849441528,18.204010009765625
bas,21,174,6.2322447299957275,18.089946746826172
bas,21,175,6.264766693115234,18.394670486450195
bas,21,176,6.2986900806427,18.202014923095703
bas,21,177,6.331590414047241,18.177244186401367
bas,21,178,6.365230560302734,18.155960083007812
bas,21,179,6.398172855377197,18.18882179260254
bas,21,180,6.432072639465332,18.218242645263672
bas,21,181,6.464409828186035,18.188610076904297
bas,21,182,6.49843692779541,18.408098220825195
bas,21,183,6.531432628631592,18.254812240600586
bas,21,184,6.565311431884766,18.311668395996094
bas,21,185,6.598188161849976,18.266897201538086
bas,21,186,6.632383108139038,18.22963523864746
bas,21,187,6.664612770080566,18.2716007232666
bas,21,188,6.798462390899658,18.157033920288086
bas,21,189,6.8312578201293945,18.3056640625
bas,21,190,6.865338087081909,18.40378761291504
bas,21,191,6.897961854934692,18.19125747680664
bas,21,192,6.931470632553101,18.290151596069336
bas,21,193,6.964341163635254,18.201114654541016
bas,21,194,6.998408555984497,18.18505096435547
bas,21,195,7.031075954437256,18.197111129760742
bas,21,196,7.064983606338501,18.240314483642578
bas,21,197,7.097589492797852,18.210966110229492
bas,21,198,7.1315038204193115,18.324804306030273
bas,21,199,7.1641526222229,18.206645965576172
bas,21,200,7.198254585266113,18.364469528198242
bas,21,201,7.231016635894775,18.451913833618164
bas,21,202,7.264544725418091,18.19318389892578
bas,21,203,7.297239303588867,18.37346649169922
bas,21,204,7.331275463104248,18.19405746459961
bas,21,205,7.363709211349487,18.220794677734375
bas,21,206,7.397754430770874,18.289306640625
bas,21,207,7.430413007736206,18.140047073364258
bas,21,208,7.464574098587036,18.24752426147461
bas,21,209,7.496973752975464,18.363157272338867
bas,21,210,7.531088352203369,18.218624114990234
bas,21,211,7.5637664794921875,18.3215274810791
bas,21,212,7.5975658893585205,18.21194839477539
bas,21,213,7.630246162414551,18.048465728759766
bas,21,214,7.664363622665405,18.19959259033203
bas,21,215,7.69697117805481,18.371660232543945
bas,21,216,7.731209993362427,18.32915687561035
bas,21,217,7.763491868972778,18.176681518554688
bas,21,218,7.797771692276001,18.257417678833008
bas,21,219,7.830229043960571,18.204877853393555
bas,21,220,7.864258050918579,18.17571449279785
bas,21,221,7.8967814445495605,18.23125457763672
bas,21,222,7.93048357963562,18.149017333984375
bas,21,223,7.963473558425903,18.24749755859375
bas,21,224,7.9972004890441895,18.3425235748291
bas,21,225,8.029983282089233,18.1563777923584
bas,21,226,8.06446647644043,18.180316925048828
bas,21,227,8.096561670303345,18.261564254760742
bas,21,228,8.13073444366455,18.22096824645996
bas,21,229,8.163254976272583,18.3345890045166
bas,21,230,8.197392702102661,18.330289840698242
bas,21,231,8.229980945587158,18.24640464782715
bas,21,232,8.263658285140991,18.238037109375
bas,21,233,8.296396732330322,18.191728591918945
bas,21,234,8.33055591583252,18.085050582885742
bas,21,235,8.363296508789062,18.23444938659668
bas,21,236,8.396905899047852,18.32636070251465
bas,21,237,8.429586410522461,18.25956916809082
bas,21,238,8.46362853050232,18.229154586791992
bas,21,239,8.496078968048096,18.248579025268555
bas,21,240,8.530161619186401,18.179126739501953
bas,21,241,8.562575101852417,18.285144805908203
bas,21,242,8.596681118011475,18.302846908569336
bas,21,243,8.629511833190918,18.31918716430664
bas,21,244,8.663332223892212,18.307334899902344
bas,21,245,8.69590163230896,18.39495277404785
bas,21,246,8.729938745498657,18.293176651000977
bas,21,247,8.762428283691406,18.261478424072266
bas,21,248,8.796491146087646,18.26207160949707
bas,21,249,8.829306840896606,18.255277633666992
bas,21,250,8.864381790161133,18.274580001831055
bas,21,251,8.895459175109863,18.26451301574707
bas,21,252,8.929592847824097,18.246809005737305
bas,21,253,8.963000535964966,18.41050910949707
bas,21,254,8.996347665786743,18.101652145385742
bas,21,255,9.029197692871094,18.368101119995117
bas,21,256,9.062608003616333,18.292768478393555
bas,21,257,9.09564471244812,18.431482315063477
bas,21,258,9.129592180252075,18.258068084716797
bas,21,259,9.161931037902832,18.1507568359375
bas,21,260,9.19628095626831,18.239093780517578
bas,21,261,9.228850364685059,18.341306686401367
bas,21,262,9.262537956237793,18.230295181274414
bas,21,263,9.295163869857788,18.252302169799805
bas,21,264,9.329296350479126,18.238298416137695
bas,21,265,9.361964225769043,18.238536834716797
bas,21,266,9.396117448806763,18.265029907226562
bas,21,267,9.428694009780884,18.311569213867188
bas,21,268,9.462424755096436,18.461280822753906
bas,21,269,9.494961261749268,18.231990814208984
bas,21,270,9.528908967971802,18.387359619140625
bas,21,271,9.561630487442017,18.253032684326172
bas,21,272,9.59551215171814,18.19793128967285
bas,21,273,9.628294944763184,18.235986709594727
bas,21,274,9.662413597106934,18.36562728881836
bas,21,275,9.6951265335083,18.114734649658203
bas,21,276,9.729174613952637,18.46900749206543
bas,21,277,9.762140989303589,18.333332061767578
bas,21,278,9.795464038848877,18.229869842529297
bas,21,279,9.828225374221802,18.068275451660156
bas,21,280,9.86210322380066,18.324522018432617
bas,21,281,9.894609689712524,18.33367347717285
bas,21,282,9.928913354873657,18.27693748474121
bas,21,283,9.962066888809204,17.930753707885742
bas,21,284,9.995687007904053,18.287803649902344
bas,21,285,10.028133869171143,18.281906127929688
bas,21,286,10.062111616134644,18.1331787109375
bas,21,287,10.094606637954712,18.178897857666016
bas,21,288,10.128448009490967,18.160743713378906
bas,21,289,10.161388397216797,18.098018646240234
bas,21,290,10.196726560592651,18.374126434326172
bas,21,291,10.22822642326355,18.013689041137695
bas,21,292,10.261332035064697,18.3799991607666
bas,21,293,10.294478178024292,18.28912925720215
bas,21,294,10.328271627426147,18.144838333129883
bas,21,295,10.360966920852661,18.27678680419922
bas,21,296,10.394767045974731,18.292449951171875
bas,21,297,10.4275062084198,18.255313873291016
bas,21,298,10.461097717285156,18.090890884399414
bas,21,299,10.527525663375854,18.266475677490234
bas,21,300,10.561203718185425,18.170377731323242
bas,21,301,10.594505071640015,18.191591262817383
bas,21,302,10.628417015075684,18.3080997467041
bas,21,303,10.660696268081665,18.020750045776367
bas,21,304,10.694767236709595,18.530481338500977
bas,21,305,10.728071451187134,18.54935646057129
bas,21,306,10.761400699615479,18.248525619506836
bas,21,307,10.793773174285889,18.288352966308594
bas,21,308,10.8275887966156,18.269285202026367
bas,21,309,10.860613822937012,18.1965274810791
bas,21,310,10.894611358642578,18.37516212463379
bas,21,311,10.927058696746826,18.42411231994629
bas,21,312,10.961237907409668,18.210498809814453
bas,21,313,10.993673086166382,18.297317504882812
bas,21,314,11.028171300888062,18.33245086669922
bas,21,315,11.061040163040161,18.31583595275879
bas,21,316,11.094285726547241,18.14812469482422
bas,21,317,11.126981735229492,18.246055603027344
bas,21,318,11.161263227462769,18.142200469970703
bas,21,319,11.193862438201904,18.31264305114746
bas,21,320,11.26155972480774,18.30286407470703
bas,21,321,11.293609857559204,18.566978454589844
bas,21,322,11.327559232711792,18.216278076171875
bas,21,323,11.362311840057373,18.289445877075195
bas,21,324,11.39628291130066,18.374683380126953
bas,21,325,11.426916360855103,18.140766143798828
bas,21,326,11.460940599441528,18.207733154296875
bas,21,327,11.493358612060547,18.21187400817871
bas,21,328,11.527438402175903,18.143857955932617
bas,21,329,11.560641288757324,18.23334312438965
bas,21,330,11.59398365020752,18.16183853149414
bas,21,331,11.628197431564331,18.299142837524414
bas,21,332,11.660861492156982,18.301700592041016
bas,21,333,11.692760944366455,18.20597267150879
bas,21,334,11.727368593215942,18.357114791870117
bas,21,335,11.759678840637207,18.304948806762695
bas,21,336,11.793492794036865,18.273740768432617
bas,21,337,11.826318740844727,18.263715744018555
bas,21,338,11.860531091690063,18.384660720825195
bas,21,339,11.893192052841187,18.21913719177246
bas,21,340,11.92700481414795,18.100204467773438
bas,21,341,11.959882259368896,18.257766723632812
bas,21,342,11.993584632873535,18.293264389038086
bas,21,343,12.026397228240967,18.184194564819336
bas,21,344,12.06041431427002,18.29981231689453
bas,21,345,12.092928409576416,18.319046020507812
bas,21,346,12.127708673477173,18.210044860839844
bas,21,347,12.1594717502594,18.11250877380371
bas,21,348,12.193537473678589,18.178298950195312
bas,21,349,12.226501941680908,18.312801361083984
bas,21,350,12.25964069366455,18.345537185668945
bas,21,351,12.29227900505066,18.20054817199707
bas,21,352,12.32630181312561,18.252708435058594
bas,21,353,12.359102487564087,18.334266662597656
bas,21,354,12.393322944641113,18.36011505126953
bas,21,355,12.425591945648193,18.196592330932617
bas,21,356,12.459432125091553,18.167491912841797
bas,21,357,12.492881298065186,18.180830001831055
bas,21,358,12.525903701782227,18.09280776977539
bas,21,359,12.558629512786865,18.324329376220703
bas,21,360,12.592486381530762,18.303306579589844
bas,21,361,12.626029968261719,18.41335678100586
bas,21,362,12.659631967544556,18.24483871459961
bas,21,363,12.72532033920288,18.277347564697266
bas,21,364,12.759342908859253,18.21488380432129
bas,21,365,12.792087316513062,18.15492057800293
bas,21,366,12.826003551483154,18.17236328125
bas,21,367,12.858588218688965,18.31344223022461
bas,21,368,12.892422914505005,18.301197052001953
bas,21,369,12.925203084945679,18.300090789794922
bas,21,370,12.959413290023804,18.26795768737793
bas,21,371,12.992062330245972,18.439794540405273
bas,21,372,13.025948762893677,18.208356857299805
bas,21,373,13.05873155593872,18.338321685791016
bas,21,374,13.092172861099243,18.223039627075195
bas,21,375,13.124910593032837,18.34160614013672
bas,21,376,13.160028219223022,18.267902374267578
bas,21,377,13.192289113998413,18.396713256835938
bas,21,378,13.225708961486816,18.47599983215332
bas,21,379,13.258138656616211,18.226806640625
bas,21,380,13.292490482330322,18.41067123413086
bas,21,381,13.324637651443481,18.169301986694336
bas,21,382,13.35854959487915,18.177457809448242
bas,21,383,13.391591548919678,18.237712860107422
bas,21,384,13.425328016281128,18.51531410217285
bas,21,385,13.45818829536438,18.252315521240234
bas,21,386,13.492100477218628,18.41200828552246
bas,21,387,13.524590492248535,18.35407066345215
bas,21,388,13.558541774749756,18.45086097717285
bas,21,389,13.591371059417725,18.35403823852539
bas,21,390,13.625157117843628,18.459972381591797
bas,21,391,13.658127069473267,18.515722274780273
bas,21,392,13.692147493362427,18.396255493164062
bas,21,393,13.72438383102417,18.323959350585938
bas,21,394,13.758442163467407,18.342147827148438
bas,21,395,13.791056871414185,18.629661560058594
bas,21,396,13.825204133987427,18.316604614257812
bas,21,397,13.85762095451355,18.433271408081055
bas,21,398,13.891528606414795,18.43391990661621
bas,21,399,13.924252986907959,18.47870635986328
bas,21,400,13.958283185958862,18.38361358642578
bas,21,401,13.990792989730835,18.765811920166016
bas,21,402,14.024700403213501,18.525169372558594
bas,21,403,14.057349681854248,18.40328598022461
bas,21,404,14.091125726699829,18.32785987854004
bas,21,405,14.124024152755737,18.408124923706055
bas,21,406,14.157940864562988,18.465017318725586
bas,21,407,14.190506935119629,18.45102310180664
bas,21,408,14.224750757217407,18.415138244628906
bas,21,409,14.25737476348877,18.482772827148438
bas,21,410,14.291094303131104,18.29309844970703
bas,21,411,14.323744297027588,18.506126403808594
bas,21,412,14.357633829116821,18.370403289794922
bas,21,413,14.391170263290405,18.48961067199707
bas,21,414,14.424256563186646,18.51994514465332
bas,21,415,14.457053661346436,18.552949905395508
bas,21,416,14.490944862365723,18.35334587097168
bas,21,417,14.523502349853516,18.374807357788086
bas,21,418,14.557960748672485,18.512710571289062
bas,21,419,14.5900137424469,18.477933883666992
bas,21,420,14.624335289001465,18.387205123901367
bas,21,421,14.656881332397461,18.561420440673828
bas,21,422,14.690900087356567,18.486970901489258
bas,21,423,14.723335981369019,18.486448287963867
bas,21,424,14.757290601730347,18.390743255615234
bas,21,425,14.789997100830078,18.3690242767334
bas,21,426,14.824004650115967,18.664701461791992
bas,21,427,14.857094287872314,18.544984817504883
bas,21,428,14.890713214874268,18.621932983398438
bas,21,429,14.923233985900879,18.555252075195312
bas,21,430,14.957212209701538,18.445554733276367
bas,21,431,14.989932298660278,18.704853057861328
bas,21,432,15.02379298210144,18.563068389892578
bas,21,433,15.056966066360474,18.724414825439453
bas,21,434,15.122628927230835,18.429927825927734
bas,21,435,15.156001091003418,18.429927825927734
bas,21,436,15.16347050666809,18.486427307128906
bas,21,437,15.1900155544281,18.33550453186035
bas,21,438,15.224332094192505,18.38688850402832
bas,21,439,15.256740808486938,18.48665428161621
bas,21,440,15.290322542190552,18.542400360107422
bas,21,441,15.323482990264893,18.408967971801758
bas,21,442,15.357020139694214,18.40776252746582
bas,21,443,15.390233039855957,18.438783645629883
bas,21,444,15.42339825630188,18.414398193359375
bas,21,445,15.456415891647339,18.42913818359375
bas,21,446,15.490968704223633,18.506071090698242
bas,21,447,15.523075580596924,18.477787017822266
bas,21,448,15.556709051132202,18.557592391967773
bas,21,449,15.589476108551025,18.51774024963379
bas,21,450,15.623364210128784,18.39878273010254
bas,21,451,15.65592646598816,18.481246948242188
bas,21,452,15.690333843231201,18.620132446289062
bas,21,453,15.72293996810913,18.55181884765625
bas,21,454,15.75736927986145,18.518653869628906
bas,21,455,15.789231300354004,18.354509353637695
bas,21,456,15.823057174682617,18.559356689453125
bas,21,457,15.856072664260864,18.483179092407227
bas,21,458,15.889781713485718,18.481826782226562
bas,21,459,15.922355651855469,18.528722763061523
bas,21,460,15.956400394439697,18.566177368164062
bas,21,461,15.989134073257446,18.342559814453125
bas,21,462,16.023067712783813,18.55186653137207
bas,21,463,16.056191444396973,18.471986770629883
bas,21,464,16.090076446533203,18.49242401123047
bas,21,465,16.12299633026123,18.452842712402344
bas,21,466,16.156271934509277,18.46119499206543
bas,21,467,16.189117431640625,18.38629150390625
bas,21,468,16.222926378250122,18.443796157836914
bas,21,469,16.255690336227417,18.504880905151367
bas,21,470,16.29088521003723,18.56879997253418
bas,21,471,16.323111534118652,18.29540252685547
bas,21,472,16.356048345565796,18.43208885192871
bas,21,473,16.38848328590393,18.44517707824707
bas,21,474,16.422448873519897,18.43084144592285
bas,21,475,16.455355644226074,18.379268646240234
bas,21,476,16.490360736846924,18.408231735229492
bas,21,477,16.522027015686035,18.420854568481445
bas,21,478,16.555740118026733,18.382787704467773
bas,21,479,16.58846139907837,18.76038932800293
bas,21,480,16.622450828552246,18.55477523803711
bas,21,481,16.655396699905396,18.672760009765625
bas,21,482,16.688438177108765,18.529754638671875
bas,21,483,16.721744060516357,18.401466369628906
bas,21,484,16.755452394485474,18.513057708740234
bas,21,485,16.78805637359619,18.55818748474121
bas,21,486,16.82221531867981,18.42734718322754
bas,21,487,16.854924201965332,18.49847984313965
bas,21,488,16.888915300369263,18.34619140625
bas,21,489,16.921340703964233,18.48833656311035
bas,21,490,16.955650806427002,18.467418670654297
bas,21,491,16.987868070602417,18.446090698242188
bas,21,492,17.02248191833496,18.344207763671875
bas,21,493,17.054975032806396,18.485641479492188
bas,21,494,17.08869743347168,18.521032333374023
bas,21,495,17.121342658996582,18.65117645263672
bas,21,496,17.155256748199463,18.426433563232422
bas,21,497,17.18777894973755,18.482145309448242
bas,21,498,17.221859216690063,18.66787338256836
bas,21,499,17.25476336479187,18.470434188842773
bas,21,500,17.28903031349182,18.722103118896484
bas,21,501,17.320897340774536,18.462371826171875
bas,21,502,17.354973077774048,18.427631378173828
bas,21,503,17.387695789337158,18.469261169433594
bas,21,504,17.421488046646118,18.60372543334961
bas,21,505,17.454165935516357,18.461769104003906
bas,21,506,17.488115072250366,18.349821090698242
bas,21,507,17.521084547042847,18.377384185791016
bas,21,508,17.554741621017456,18.46088409423828
bas,21,509,17.587515592575073,18.597166061401367
bas,21,510,17.621237754821777,18.41324806213379
bas,21,511,17.654193878173828,18.382837295532227
bas,21,512,17.68792414665222,18.625547409057617
bas,21,513,17.7206027507782,18.40921401977539
bas,21,514,17.754425525665283,18.35310935974121
bas,21,515,17.787291288375854,18.482358932495117
bas,21,516,17.821265697479248,18.53940773010254
bas,21,517,17.853963136672974,18.405309677124023
bas,21,518,17.88765048980713,18.358856201171875
bas,21,519,17.920584440231323,18.47027587890625
bas,21,520,17.954248189926147,18.52351951599121
bas,21,521,17.988633155822754,18.50242042541504
bas,21,522,18.021039724349976,18.50542640686035
bas,21,523,18.054048776626587,18.52579116821289
bas,21,524,18.08758234977722,18.370561599731445
bas,21,525,18.12023639678955,18.55536460876465
bas,21,526,18.154170513153076,18.457584381103516
bas,21,527,18.187021017074585,18.463411331176758
bas,21,528,18.225427627563477,18.429256439208984
bas,21,529,18.286680459976196,18.455373764038086
bas,21,530,18.32305932044983,18.36825942993164
bas,21,531,18.420451879501343,18.440656661987305
bas,21,532,18.45432448387146,18.561283111572266
bas,21,533,18.486396074295044,18.40350914001465
bas,21,534,18.520468950271606,18.362550735473633
bas,21,535,18.55310869216919,18.442869186401367
bas,21,536,18.586992740631104,18.505348205566406
bas,21,537,18.620033979415894,18.41708755493164
bas,21,538,18.653945446014404,18.57769012451172
bas,21,539,18.686246633529663,18.273717880249023
bas,21,540,18.720367193222046,18.47306251525879
bas,21,541,18.753056287765503,18.323904037475586
bas,21,542,18.78678274154663,18.431663513183594
bas,21,543,18.819638967514038,18.050390243530273
bas,21,544,18.88705015182495,18.412263870239258
bas,21,545,18.919377088546753,18.49822235107422
bas,21,546,18.95357346534729,18.55187225341797
bas,21,547,18.98629903793335,18.368314743041992
bas,21,548,19.020389556884766,18.381128311157227
bas,21,549,19.052992820739746,18.43742561340332
bas,21,550,19.087010860443115,18.327600479125977
bas,21,551,19.11933970451355,18.2720947265625
bas,21,552,19.153679609298706,18.30071449279785
bas,21,553,19.185957670211792,18.188907623291016
bas,21,554,19.21993923187256,18.316814422607422
bas,21,555,19.252729654312134,18.425315856933594
bas,21,556,19.28656315803528,18.55649185180664
bas,21,557,19.319246292114258,18.21490478515625
bas,21,558,19.35289716720581,18.280025482177734
bas,21,559,19.385538578033447,18.162433624267578
bas,21,560,19.41912293434143,18.436880111694336
bas,21,561,19.828534841537476,18.280866622924805
bas,21,562,19.853718996047974,18.309720993041992
bas,21,563,19.86090660095215,18.309720993041992
bas,21,564,19.88529634475708,18.32271957397461
bas,21,565,19.892271995544434,18.32271957397461
bas,21,566,19.91916584968567,18.191455841064453
bas,21,567,19.95192790031433,18.265050888061523
bas,21,568,19.985917806625366,18.28679084777832
bas,21,569,20.018487691879272,18.427234649658203
bas,21,570,20.052406311035156,18.103652954101562
bas,21,571,20.08498454093933,18.22532081604004
bas,21,572,20.118995666503906,18.154117584228516
bas,21,573,20.151785135269165,18.46874237060547
bas,21,574,20.185684204101562,18.220773696899414
bas,21,575,20.219176292419434,18.372007369995117
bas,21,576,20.25257396697998,18.174312591552734
bas,21,577,20.28574228286743,18.22071075439453
bas,21,578,20.31924533843994,18.237064361572266
bas,21,579,20.35152268409729,18.349916458129883
bas,21,580,20.38565754890442,18.344751358032227
bas,21,581,20.424962043762207,18.189851760864258
bas,21,582,20.518765926361084,18.37994956970215
bas,21,583,20.551333904266357,18.201274871826172
bas,21,584,20.58573842048645,18.196104049682617
bas,21,585,20.618073225021362,18.17036247253418
bas,21,586,20.65203833580017,18.178386688232422
bas,21,587,20.685014247894287,18.373903274536133
bas,21,588,20.71829581260681,18.230899810791016
bas,21,589,20.751726388931274,18.353923797607422
bas,21,590,20.7856388092041,18.318714141845703
bas,21,591,20.81774926185608,18.229475021362305
bas,21,592,20.852783679962158,18.41693687438965
bas,21,593,20.88454556465149,18.195667266845703
bas,21,594,20.918593406677246,18.33229637145996
bas,21,595,20.951009035110474,18.200349807739258
bas,21,596,20.98516058921814,18.202322006225586
bas,21,597,21.018038034439087,18.230634689331055
bas,21,598,21.051685333251953,18.22716522216797
bas,21,599,21.08418083190918,18.151653289794922
bas,21,600,21.11836290359497,18.220861434936523
bas,21,601,21.150787353515625,18.50417137145996
bas,21,602,21.184467554092407,18.379587173461914
bas,21,603,21.217624187469482,18.263357162475586
bas,21,604,21.25122904777527,18.351665496826172
bas,21,605,21.284859657287598,18.191818237304688
bas,21,606,21.317788124084473,18.30830192565918
bas,21,607,21.35072612762451,18.20561408996582
bas,21,608,21.38441014289856,18.08125877380371
bas,21,609,21.417214155197144,18.303049087524414
bas,21,610,21.452341556549072,18.14272689819336
bas,21,611,21.48373556137085,18.228984832763672
bas,21,612,21.51801824569702,18.251047134399414
bas,21,613,21.550466537475586,18.38239288330078
bas,21,614,21.58438539505005,18.24961280822754
bas,21,615,21.617144346237183,18.200414657592773
bas,21,616,21.650789737701416,18.367515563964844
bas,21,617,21.683541297912598,18.361583709716797
bas,21,618,21.71753168106079,18.23331642150879
bas,21,619,21.783909559249878,18.110008239746094
bas,21,620,21.8173770904541,18.29437255859375
bas,21,621,21.85006332397461,18.177257537841797
bas,21,622,21.88401198387146,18.22041130065918
bas,21,623,21.91664457321167,18.167884826660156
bas,21,624,21.984008073806763,18.37563133239746
bas,21,625,22.016740560531616,18.37669563293457
bas,21,626,22.050376892089844,18.26508903503418
bas,21,627,22.08300757408142,18.441184997558594
bas,21,628,22.117123126983643,18.23845672607422
bas,21,629,22.149641275405884,18.41631317138672
bas,21,630,22.183473825454712,18.36004638671875
bas,21,631,22.216410398483276,18.397146224975586
bas,21,632,22.31747555732727,18.28628158569336
bas,21,633,22.350009441375732,18.2174072265625
bas,21,634,22.38391876220703,18.174938201904297
bas,21,635,22.416311740875244,18.347871780395508
bas,21,636,22.45124125480652,18.477310180664062
bas,21,637,22.483537435531616,18.215063095092773
bas,21,638,22.516969919204712,18.17562484741211
bas,21,639,22.54975414276123,18.350631713867188
bas,21,640,22.583483695983887,18.301475524902344
bas,21,641,22.616063594818115,18.413833618164062
bas,21,642,22.650285720825195,18.191688537597656
bas,21,643,22.682902812957764,18.333349227905273
bas,21,644,22.716588735580444,18.33755874633789
bas,21,645,22.749497175216675,18.303560256958008
bas,21,646,22.783304929733276,18.239564895629883
bas,21,647,22.815935611724854,18.443138122558594
bas,21,648,22.84966802597046,18.142162322998047
bas,21,649,22.88231086730957,18.22996711730957
bas,21,650,22.916577577590942,18.39673614501953
bas,21,651,22.949009656906128,18.272769927978516
bas,21,652,22.98310375213623,18.270029067993164
bas,21,653,23.015689373016357,18.46024513244629
bas,21,654,23.049556732177734,18.340604782104492
bas,21,655,23.082245111465454,18.334932327270508
bas,21,656,23.116363048553467,18.37908172607422
bas,21,657,23.14902424812317,18.294981002807617
bas,21,658,23.182859182357788,18.401819229125977
bas,21,659,23.21549153327942,18.239118576049805
bas,21,660,23.249505281448364,18.388813018798828
bas,21,661,23.281932592391968,18.42616844177246
bas,21,662,23.31578493118286,18.295801162719727
bas,21,663,23.34862995147705,18.247299194335938
bas,21,664,23.382432460784912,18.2130069732666
bas,21,665,23.41548252105713,18.133867263793945
bas,21,666,23.449117183685303,18.2169132232666
bas,21,667,23.482065677642822,18.18350601196289
bas,21,668,23.516011476516724,18.37310218811035
bas,21,669,23.548426389694214,18.18665313720703
bas,21,670,23.582648038864136,18.33173179626465
bas,21,671,23.615091562271118,18.42322540283203
bas,21,672,23.649165630340576,18.205814361572266
bas,21,673,23.68163537979126,18.320772171020508
bas,21,674,23.715521574020386,18.195486068725586
bas,21,675,23.74813461303711,18.261043548583984
bas,21,676,23.782423973083496,18.211185455322266
bas,21,677,23.81477689743042,18.427927017211914
bas,21,678,23.88226628303528,18.229610443115234
bas,21,679,23.91495966911316,18.353750228881836
bas,21,680,23.948596954345703,18.317663192749023
bas,21,681,23.981486320495605,18.14815330505371
bas,21,682,24.015413999557495,18.41550064086914
bas,21,683,24.047977924346924,18.123855590820312
bas,21,684,24.082141160964966,18.280176162719727
bas,21,685,24.11467719078064,18.258705139160156
bas,21,686,24.148714303970337,18.37411880493164
bas,21,687,24.18122625350952,18.253263473510742
bas,21,688,24.215163707733154,18.269956588745117
bas,21,689,24.247915506362915,18.318416595458984
bas,21,690,24.281746864318848,18.325057983398438
bas,21,691,24.31442403793335,18.187416076660156
bas,21,692,24.348443746566772,18.344863891601562
bas,21,693,24.381131172180176,18.337865829467773
bas,21,694,24.41512107849121,18.18345832824707
bas,21,695,24.44777202606201,18.313297271728516
bas,21,696,24.4814670085907,18.248811721801758
bas,21,697,24.514312505722046,18.22430992126465
bas,21,698,24.548064947128296,18.428104400634766
bas,21,699,24.58096408843994,18.203826904296875
bas,21,700,24.614634037017822,18.295692443847656
bas,21,701,24.647284507751465,18.139049530029297
bas,21,702,24.681512355804443,18.273910522460938
bas,21,703,24.714072704315186,18.297286987304688
bas,21,704,24.747955083847046,18.379533767700195
bas,21,705,24.78055429458618,18.256149291992188
bas,21,706,24.8144793510437,18.420515060424805
bas,21,707,24.847214698791504,18.159494400024414
bas,21,708,24.880963563919067,18.366153717041016
bas,21,709,24.9140202999115,18.21997833251953
bas,21,710,24.947784662246704,18.211633682250977
bas,21,711,24.98050808906555,18.369918823242188
bas,21,712,25.014471530914307,18.175119400024414
